{
  "Semaine 1": {
    "Lundi": [
      {
        "id": "4bd21ac8-8ec8-427f-8c22-6272f75edc84",
        "professor": "M Bogaert",
        "start_time": "08:00",
        "end_time": "12:00",
        "duration_hours": 4.0,
        "course_type": "Cours",
        "nb_students": "25",
        "assigned_room": null,
        "day": "Lundi",
        "raw_time_slot": "8h-12h",
        "week_name": "Semaine 1",
        "course_id": "4bd21ac8-8ec8-427f-8c22-6272f75edc84",
        "class": "1STL"
      },
      {
        "id": "50335a1a-1e34-4ca5-bde9-e0755d1100d7",
        "professor": "Mme Louvet",
        "start_time": "08:00",
        "end_time": "11:00",
        "duration_hours": 3.0,
        "course_type": "Cours",
        "nb_students": "25",
        "assigned_room": null,
        "day": "Lundi",
        "raw_time_slot": "8H-11H",
        "week_name": "Semaine 1",
        "course_id": "50335a1a-1e34-4ca5-bde9-e0755d1100d7",
        "class": "2.8"
      },
      {
        "id": "417701ca-0273-48aa-834c-3ce379fa1352",
        "professor": "M Turcan",
        "start_time": "10:00",
        "end_time": "12:00",
        "duration_hours": 2.0,
        "course_type": "Cours",
        "nb_students": "25",
        "assigned_room": null,
        "day": "Lundi",
        "raw_time_slot": "10h-12h",
        "week_name": "Semaine 1",
        "course_id": "417701ca-0273-48aa-834c-3ce379fa1352",
        "class": "TTST2S"
      },
      {
        "id": "22188421-c804-4691-bd8b-cb1e2a763bc0",
        "professor": "M Turcan",
        "start_time": "13:00",
        "end_time": "15:00",
        "duration_hours": 2.0,
        "course_type": "Cours",
        "nb_students": "25",
        "assigned_room": null,
        "day": "Lundi",
        "raw_time_slot": "13h-15h",
        "week_name": "Semaine 1",
        "course_id": "22188421-c804-4691-bd8b-cb1e2a763bc0",
        "class": "1TST2S1"
      },
      {
        "id": "8b35a067-70bf-488b-8685-2f49118c0d83",
        "professor": "M Bogaert",
        "start_time": "13:00",
        "end_time": "17:00",
        "duration_hours": 4.0,
        "course_type": "Cours",
        "nb_students": "25",
        "assigned_room": null,
        "day": "Lundi",
        "raw_time_slot": "13H-17H",
        "week_name": "Semaine 1",
        "course_id": "8b35a067-70bf-488b-8685-2f49118c0d83",
        "class": "1G1"
      },
      {
        "id": "457e9443-052f-487c-9d28-01433b7f440d",
        "professor": "M Landelle",
        "start_time": "15:00",
        "end_time": "16:30",
        "duration_hours": 1.5,
        "course_type": "Cours",
        "nb_students": "25",
        "assigned_room": null,
        "day": "Lundi",
        "raw_time_slot": "15h-16h30",
        "week_name": "Semaine 1",
        "course_id": "457e9443-052f-487c-9d28-01433b7f440d",
        "class": "2 op biotek1"
      },
      {
        "id": "ae2737d2-04c6-4682-b8f2-3d5d47dd24ef",
        "professor": "Mme Dewailly",
        "start_time": "08:00",
        "end_time": "11:00",
        "duration_hours": 3.0,
        "course_type": "Cours",
        "nb_students": "25",
        "assigned_room": null,
        "day": "Lundi",
        "raw_time_slot": "8H-11H",
        "week_name": "Semaine 1",
        "course_id": "ae2737d2-04c6-4682-b8f2-3d5d47dd24ef",
        "class": "2.8"
      },
      {
        "id": "6541fd06-56fd-4d5a-986b-87bc9970a943",
        "professor": "M Chemet snt",
        "start_time": "13:00",
        "end_time": "15:00",
        "duration_hours": 2.0,
        "course_type": "Cours",
        "nb_students": "25",
        "assigned_room": null,
        "day": "Lundi",
        "raw_time_slot": "13h-15h",
        "week_name": "Semaine 1",
        "course_id": "6541fd06-56fd-4d5a-986b-87bc9970a943",
        "class": "2.5"
      },
      {
        "id": "eecd0f71-c85b-42e8-bcc6-6501c1ecd9f7",
        "professor": "Mme Dewailly",
        "start_time": "13:00",
        "end_time": "17:00",
        "duration_hours": 4.0,
        "course_type": "Cours",
        "nb_students": "25",
        "assigned_room": null,
        "day": "Lundi",
        "raw_time_slot": "13H-17H",
        "week_name": "Semaine 1",
        "course_id": "eecd0f71-c85b-42e8-bcc6-6501c1ecd9f7",
        "class": "1G2"
      },
      {
        "id": "81933f45-01de-4d6a-83ec-37acc750a194",
        "professor": "Mme Martin",
        "start_time": "15:00",
        "end_time": "16:30",
        "duration_hours": 1.5,
        "course_type": "Cours",
        "nb_students": "25",
        "assigned_room": null,
        "day": "Lundi",
        "raw_time_slot": "15h-16h30",
        "week_name": "Semaine 1",
        "course_id": "81933f45-01de-4d6a-83ec-37acc750a194",
        "class": "2 op biotek2"
      },
      {
        "id": "3808bda9-8952-489e-89bd-bbc12d6df309",
        "professor": "M Sanchez",
        "start_time": "13:00",
        "end_time": "15:00",
        "duration_hours": 2.0,
        "course_type": "Cours",
        "nb_students": "25",
        "assigned_room": null,
        "day": "Lundi",
        "raw_time_slot": "13h-15h",
        "week_name": "Semaine 1",
        "course_id": "3808bda9-8952-489e-89bd-bbc12d6df309",
        "class": "1G4"
      },
      {
        "id": "9f37b362-eb5e-4dcb-816f-97a2014fa4dc",
        "professor": "Mme Hellouvry",
        "start_time": "13:00",
        "end_time": "17:00",
        "duration_hours": 4.0,
        "course_type": "Cours",
        "nb_students": "25",
        "assigned_room": null,
        "day": "Lundi",
        "raw_time_slot": "13H-17H",
        "week_name": "Semaine 1",
        "course_id": "9f37b362-eb5e-4dcb-816f-97a2014fa4dc",
        "class": "1G1"
      },
      {
        "id": "70a8f5c5-8793-4dc9-b8df-b4bd4a01b27e",
        "professor": "M Moya",
        "start_time": "13:00",
        "end_time": "15:00",
        "duration_hours": 2.0,
        "course_type": "Cours",
        "nb_students": "25",
        "assigned_room": "302",
        "day": "Lundi",
        "raw_time_slot": "13h-15h",
        "week_name": "Semaine 1",
        "course_id": "70a8f5c5-8793-4dc9-b8df-b4bd4a01b27e",
        "class": "1STL"
      },
      {
        "id": "376b875e-3c34-4f92-92f6-48eaec559ba3",
        "professor": "M Masse",
        "start_time": "13:00",
        "end_time": "17:00",
        "duration_hours": 4.0,
        "course_type": "Cours",
        "nb_students": "25",
        "assigned_room": null,
        "day": "Lundi",
        "raw_time_slot": "13H-17H",
        "week_name": "Semaine 1",
        "course_id": "376b875e-3c34-4f92-92f6-48eaec559ba3",
        "class": "1G3"
      },
      {
        "id": "3ba45cc9-c75a-4786-bd3c-21e985359c98",
        "professor": "Mme Martin",
        "start_time": "13:00",
        "end_time": "15:00",
        "duration_hours": 2.0,
        "course_type": "Cours",
        "nb_students": "25",
        "assigned_room": "306",
        "day": "Lundi",
        "raw_time_slot": "13h-15h",
        "week_name": "Semaine 1",
        "course_id": "3ba45cc9-c75a-4786-bd3c-21e985359c98",
        "class": "1STL"
      },
      {
        "id": "f34866a4-cc67-45b1-ab87-4f5d65038d8b",
        "professor": "Mme Roldan",
        "start_time": "13:00",
        "end_time": "17:00",
        "duration_hours": 4.0,
        "course_type": "Cours",
        "nb_students": "25",
        "assigned_room": null,
        "day": "Lundi",
        "raw_time_slot": "13H-17H",
        "week_name": "Semaine 1",
        "course_id": "f34866a4-cc67-45b1-ab87-4f5d65038d8b",
        "class": "1G2"
      },
      {
        "id": "barascud_Lundi_08:00-12:00",
        "professor": "Mme Barascud",
        "start_time": "08:00",
        "end_time": "12:00",
        "duration_hours": 4.0,
        "course_type": "Cours",
        "nb_students": "25",
        "assigned_room": "305",
        "day": "Lundi",
        "raw_time_slot": "08:00-12:00",
        "week_name": "Semaine 1",
        "course_id": "barascud_Lundi_08:00-12:00",
        "class": "BTS1"
      },
      {
        "id": "barascud_Lundi_15:00-17:00",
        "professor": "Mme Barascud",
        "start_time": "15:00",
        "end_time": "17:00",
        "duration_hours": 2.0,
        "course_type": "Cours",
        "nb_students": "25",
        "assigned_room": "305",
        "day": "Lundi",
        "raw_time_slot": "15:00-17:00",
        "week_name": "Semaine 1",
        "course_id": "barascud_Lundi_15:00-17:00",
        "class": "BTS1"
      }
    ],
    "Mardi": [
      {
        "id": "bc80190a-6981-48a0-9227-bc1c1e7ca424",
        "professor": "Mme Hellouvry",
        "start_time": "08:00",
        "end_time": "10:00",
        "duration_hours": 2.0,
        "course_type": "Cours",
        "nb_students": "25",
        "assigned_room": null,
        "day": "Mardi",
        "raw_time_slot": "8h-10h",
        "week_name": "Semaine 1",
        "course_id": "bc80190a-6981-48a0-9227-bc1c1e7ca424",
        "class": "TTST2S1"
      },
      {
        "id": "43f2b279-e732-4509-bb85-5b1b7d3c0901",
        "professor": "Mme Duverniex",
        "start_time": "08:00",
        "end_time": "12:00",
        "duration_hours": 4.0,
        "course_type": "Cours",
        "nb_students": "25",
        "assigned_room": null,
        "day": "Mardi",
        "raw_time_slot": "8h-12h",
        "week_name": "Semaine 1",
        "course_id": "43f2b279-e732-4509-bb85-5b1b7d3c0901",
        "class": "TG2"
      },
      {
        "id": "4c3f9b20-b162-40ca-9cb2-03f478bf2d82",
        "professor": "M Bogaert",
        "start_time": "08:00",
        "end_time": "11:00",
        "duration_hours": 3.0,
        "course_type": "Cours",
        "nb_students": "25",
        "assigned_room": null,
        "day": "Mardi",
        "raw_time_slot": "8H-11H",
        "week_name": "Semaine 1",
        "course_id": "4c3f9b20-b162-40ca-9cb2-03f478bf2d82",
        "class": "2.6"
      },
      {
        "id": "c0314dd1-4288-4ded-a1c0-9f69cd716af2",
        "professor": "M Turcan",
        "start_time": "09:00",
        "end_time": "10:00",
        "duration_hours": 1.0,
        "course_type": "Cours",
        "nb_students": "25",
        "assigned_room": null,
        "day": "Mardi",
        "raw_time_slot": "9h-10h",
        "week_name": "Semaine 1",
        "course_id": "c0314dd1-4288-4ded-a1c0-9f69cd716af2",
        "class": "TTST2S2"
      },
      {
        "id": "625dc7b7-a1a7-4eef-bbdb-def82509b620",
        "professor": "M Turcan",
        "start_time": "10:00",
        "end_time": "12:00",
        "duration_hours": 2.0,
        "course_type": "Cours",
        "nb_students": "25",
        "assigned_room": null,
        "day": "Mardi",
        "raw_time_slot": "10h-12h",
        "week_name": "Semaine 1",
        "course_id": "625dc7b7-a1a7-4eef-bbdb-def82509b620",
        "class": "1STL"
      },
      {
        "id": "37e20c62-f14d-40c7-aef1-39ca4f6a8a1a",
        "professor": "M Masse",
        "start_time": "13:00",
        "end_time": "16:00",
        "duration_hours": 3.0,
        "course_type": "Cours",
        "nb_students": "25",
        "assigned_room": null,
        "day": "Mardi",
        "raw_time_slot": "13h-16h",
        "week_name": "Semaine 1",
        "course_id": "37e20c62-f14d-40c7-aef1-39ca4f6a8a1a",
        "class": "2.5"
      },
      {
        "id": "8f0f54e7-d076-4d35-8478-1c802a1d8c12",
        "professor": "Mme Hellouvry",
        "start_time": "13:00",
        "end_time": "14:00",
        "duration_hours": 1.0,
        "course_type": "Cours",
        "nb_students": "25",
        "assigned_room": null,
        "day": "Mardi",
        "raw_time_slot": "13H-14H",
        "week_name": "Semaine 1",
        "course_id": "8f0f54e7-d076-4d35-8478-1c802a1d8c12",
        "class": "TG5"
      },
      {
        "id": "a30e31e4-8859-438f-91b6-cd587772e3e3",
        "professor": "M Turcan",
        "start_time": "14:00",
        "end_time": "15:00",
        "duration_hours": 1.0,
        "course_type": "Cours",
        "nb_students": "25",
        "assigned_room": null,
        "day": "Mardi",
        "raw_time_slot": "14h-15h",
        "week_name": "Semaine 1",
        "course_id": "a30e31e4-8859-438f-91b6-cd587772e3e3",
        "class": "1TST2S1"
      },
      {
        "id": "1cef6041-bdcb-4d92-9a91-319154336c66",
        "professor": "M Chemet snt",
        "start_time": "13:00",
        "end_time": "17:00",
        "duration_hours": 4.0,
        "course_type": "Cours",
        "nb_students": "25",
        "assigned_room": null,
        "day": "Mardi",
        "raw_time_slot": "13h-17h",
        "week_name": "Semaine 1",
        "course_id": "1cef6041-bdcb-4d92-9a91-319154336c66",
        "class": "2.6"
      },
      {
        "id": "6df8b2ad-0a38-43d0-a9a5-9c6df3372ce6",
        "professor": "M Turcan",
        "start_time": "16:00",
        "end_time": "17:00",
        "duration_hours": 1.0,
        "course_type": "Cours",
        "nb_students": "25",
        "assigned_room": null,
        "day": "Mardi",
        "raw_time_slot": "16h-17h",
        "week_name": "Semaine 1",
        "course_id": "6df8b2ad-0a38-43d0-a9a5-9c6df3372ce6",
        "class": "1TST2S1"
      },
      {
        "id": "8bb4a724-b8d3-446a-92a3-2955e270a415",
        "professor": "M Tripier",
        "start_time": "08:00",
        "end_time": "10:00",
        "duration_hours": 2.0,
        "course_type": "Cours",
        "nb_students": "25",
        "assigned_room": null,
        "day": "Mardi",
        "raw_time_slot": "8h-10h",
        "week_name": "Semaine 1",
        "course_id": "8bb4a724-b8d3-446a-92a3-2955e270a415",
        "class": "TG5"
      },
      {
        "id": "e74ad7a3-ca05-4687-b3ea-5980419bac19",
        "professor": "M Masse",
        "start_time": "08:00",
        "end_time": "12:00",
        "duration_hours": 4.0,
        "course_type": "Cours",
        "nb_students": "25",
        "assigned_room": null,
        "day": "Mardi",
        "raw_time_slot": "8h-12h",
        "week_name": "Semaine 1",
        "course_id": "e74ad7a3-ca05-4687-b3ea-5980419bac19",
        "class": "TG6"
      },
      {
        "id": "88abd57c-5d74-4c6f-812b-f8c33676b2c7",
        "professor": "Mme Dewailly",
        "start_time": "08:00",
        "end_time": "11:00",
        "duration_hours": 3.0,
        "course_type": "Cours",
        "nb_students": "25",
        "assigned_room": null,
        "day": "Mardi",
        "raw_time_slot": "8H-11H",
        "week_name": "Semaine 1",
        "course_id": "88abd57c-5d74-4c6f-812b-f8c33676b2c7",
        "class": "2.6"
      },
      {
        "id": "9823a12b-2bef-4914-9032-f22714f784d4",
        "professor": "Mme Duverniex",
        "start_time": "13:00",
        "end_time": "16:00",
        "duration_hours": 3.0,
        "course_type": "Cours",
        "nb_students": "25",
        "assigned_room": null,
        "day": "Mardi",
        "raw_time_slot": "13h-16h",
        "week_name": "Semaine 1",
        "course_id": "9823a12b-2bef-4914-9032-f22714f784d4",
        "class": "2.5"
      },
      {
        "id": "595961de-ad37-483c-9a5b-4a3175bc94e1",
        "professor": "Mme Dewailly",
        "start_time": "13:00",
        "end_time": "15:00",
        "duration_hours": 2.0,
        "course_type": "Cours",
        "nb_students": "25",
        "assigned_room": null,
        "day": "Mardi",
        "raw_time_slot": "13h-15h",
        "week_name": "Semaine 1",
        "course_id": "595961de-ad37-483c-9a5b-4a3175bc94e1",
        "class": "1G2"
      },
      {
        "id": "082e4938-29a3-467a-87f5-d21da56652f2",
        "professor": "Mme Kaminski",
        "start_time": "16:00",
        "end_time": "17:00",
        "duration_hours": 1.0,
        "course_type": "Cours",
        "nb_students": "25",
        "assigned_room": null,
        "day": "Mardi",
        "raw_time_slot": "16h-17h",
        "week_name": "Semaine 1",
        "course_id": "082e4938-29a3-467a-87f5-d21da56652f2",
        "class": "1TST2S2"
      },
      {
        "id": "dd06fe3a-2562-4fbe-a0d1-5ed52fd49727",
        "professor": "M Gau SNT",
        "start_time": "08:00",
        "end_time": "10:00",
        "duration_hours": 2.0,
        "course_type": "Cours",
        "nb_students": "25",
        "assigned_room": null,
        "day": "Mardi",
        "raw_time_slot": "8h-10h",
        "week_name": "Semaine 1",
        "course_id": "dd06fe3a-2562-4fbe-a0d1-5ed52fd49727",
        "class": "2.10"
      },
      {
        "id": "7252f11d-767c-4daa-8132-2ddacfcd02aa",
        "professor": "M Radonde",
        "start_time": "08:00",
        "end_time": "12:00",
        "duration_hours": 4.0,
        "course_type": "Cours",
        "nb_students": "25",
        "assigned_room": null,
        "day": "Mardi",
        "raw_time_slot": "8h-12h",
        "week_name": "Semaine 1",
        "course_id": "7252f11d-767c-4daa-8132-2ddacfcd02aa",
        "class": "TG1"
      },
      {
        "id": "17ea7f14-2960-4a77-8f82-a730f13613ea",
        "professor": "M Moya",
        "start_time": "13:00",
        "end_time": "16:00",
        "duration_hours": 3.0,
        "course_type": "Cours",
        "nb_students": "25",
        "assigned_room": "302",
        "day": "Mardi",
        "raw_time_slot": "13h-16h",
        "week_name": "Semaine 1",
        "course_id": "17ea7f14-2960-4a77-8f82-a730f13613ea",
        "class": "1STL"
      },
      {
        "id": "9fa63bbd-0dc3-4978-abd0-73b28f0a0f38",
        "professor": "Mme Kaminski",
        "start_time": "13:00",
        "end_time": "15:00",
        "duration_hours": 2.0,
        "course_type": "Cours",
        "nb_students": "25",
        "assigned_room": null,
        "day": "Mardi",
        "raw_time_slot": "13h-15h",
        "week_name": "Semaine 1",
        "course_id": "9fa63bbd-0dc3-4978-abd0-73b28f0a0f38",
        "class": "1TST2S2"
      },
      {
        "id": "bca46569-68df-4254-bc91-2b2e1d7ca66a",
        "professor": "Mme Roldan",
        "start_time": "08:00",
        "end_time": "12:00",
        "duration_hours": 4.0,
        "course_type": "Cours",
        "nb_students": "25",
        "assigned_room": null,
        "day": "Mardi",
        "raw_time_slot": "8h-12h",
        "week_name": "Semaine 1",
        "course_id": "bca46569-68df-4254-bc91-2b2e1d7ca66a",
        "class": "TG3"
      },
      {
        "id": "fb518039-9c26-4328-b535-f26ebfb4da07",
        "professor": "Mme Martin",
        "start_time": "13:00",
        "end_time": "16:00",
        "duration_hours": 3.0,
        "course_type": "Cours",
        "nb_students": "25",
        "assigned_room": "306",
        "day": "Mardi",
        "raw_time_slot": "13h-16h",
        "week_name": "Semaine 1",
        "course_id": "fb518039-9c26-4328-b535-f26ebfb4da07",
        "class": "1STL"
      },
      {
        "id": "b22965ac-a770-43c1-a334-4f7a8352b805",
        "professor": "Mme Duffaud SNT",
        "start_time": "13:00",
        "end_time": "15:00",
        "duration_hours": 2.0,
        "course_type": "Cours",
        "nb_students": "25",
        "assigned_room": null,
        "day": "Mardi",
        "raw_time_slot": "13h-15h",
        "week_name": "Semaine 1",
        "course_id": "b22965ac-a770-43c1-a334-4f7a8352b805",
        "class": "2.4"
      },
      {
        "id": "896677d2-e0ff-420d-a16a-019c1be6e50c",
        "professor": "Mme Martin",
        "start_time": "08:00",
        "end_time": "12:00",
        "duration_hours": 4.0,
        "course_type": "Cours",
        "nb_students": "25",
        "assigned_room": "305",
        "day": "Mardi",
        "raw_time_slot": "8h-12h",
        "week_name": "Semaine 1",
        "course_id": "896677d2-e0ff-420d-a16a-019c1be6e50c",
        "class": "BTS1"
      },
      {
        "id": "b3c26fbb-4710-47bf-8eda-072ea3bb665c",
        "professor": "M Sanchez",
        "start_time": "14:00",
        "end_time": "15:00",
        "duration_hours": 1.0,
        "course_type": "Cours",
        "nb_students": "25",
        "assigned_room": null,
        "day": "Mardi",
        "raw_time_slot": "14h-15h",
        "week_name": "Semaine 1",
        "course_id": "b3c26fbb-4710-47bf-8eda-072ea3bb665c",
        "class": "1G4"
      },
      {
        "id": "39b479e7-f4ef-4e05-870f-cc5c42e04b46",
        "professor": "M Sourioux SNT",
        "start_time": "13:00",
        "end_time": "17:00",
        "duration_hours": 4.0,
        "course_type": "Cours",
        "nb_students": "25",
        "assigned_room": null,
        "day": "Mardi",
        "raw_time_slot": "13h-17h",
        "week_name": "Semaine 1",
        "course_id": "39b479e7-f4ef-4e05-870f-cc5c42e04b46",
        "class": "2.12"
      },
      {
        "id": "6cc81ad2-e196-42a1-9dd7-effbdedbfe78",
        "professor": "Mme Roglet",
        "start_time": "08:00",
        "end_time": "10:00",
        "duration_hours": 2.0,
        "course_type": "Cours",
        "nb_students": "25",
        "assigned_room": "306",
        "day": "Mardi",
        "raw_time_slot": "8h-10h",
        "week_name": "Semaine 1",
        "course_id": "6cc81ad2-e196-42a1-9dd7-effbdedbfe78",
        "class": "BST2"
      },
      {
        "id": "ad1c78c1-bae7-47b9-9aa1-8ca5032e2ca0",
        "professor": "M Bogaert",
        "start_time": "14:00",
        "end_time": "15:00",
        "duration_hours": 1.0,
        "course_type": "Cours",
        "nb_students": "25",
        "assigned_room": null,
        "day": "Mardi",
        "raw_time_slot": "14h-15h",
        "week_name": "Semaine 1",
        "course_id": "ad1c78c1-bae7-47b9-9aa1-8ca5032e2ca0",
        "class": "1G1"
      }
    ],
    "Mercredi": [
      {
        "id": "82be4f3a-f589-4e24-90f3-e07c2ac5ba85",
        "professor": "Mme Hellouvry",
        "start_time": "08:00",
        "end_time": "09:00",
        "duration_hours": 1.0,
        "course_type": "Cours",
        "nb_students": "25",
        "assigned_room": null,
        "day": "Mercredi",
        "raw_time_slot": "8h-9h",
        "week_name": "Semaine 1",
        "course_id": "82be4f3a-f589-4e24-90f3-e07c2ac5ba85",
        "class": "TTST2S1"
      },
      {
        "id": "fa921aee-9718-471d-9641-78e59d5b7100",
        "professor": "Mme Hellouvry",
        "start_time": "09:00",
        "end_time": "11:00",
        "duration_hours": 2.0,
        "course_type": "Cours",
        "nb_students": "25",
        "assigned_room": null,
        "day": "Mercredi",
        "raw_time_slot": "9h-11h",
        "week_name": "Semaine 1",
        "course_id": "fa921aee-9718-471d-9641-78e59d5b7100",
        "class": "1TST2S2"
      },
      {
        "id": "fc30251f-2f2e-42e6-bb27-374b0285b02a",
        "professor": "M Turcan",
        "start_time": "09:00",
        "end_time": "10:00",
        "duration_hours": 1.0,
        "course_type": "Cours",
        "nb_students": "25",
        "assigned_room": null,
        "day": "Mercredi",
        "raw_time_slot": "9h-10h",
        "week_name": "Semaine 1",
        "course_id": "fc30251f-2f2e-42e6-bb27-374b0285b02a",
        "class": "1TST2S1"
      },
      {
        "id": "5f9bbf1f-e349-4bf2-8d2f-20d818533c6b",
        "professor": "M Clement",
        "start_time": "10:00",
        "end_time": "12:00",
        "duration_hours": 2.0,
        "course_type": "Cours",
        "nb_students": "25",
        "assigned_room": null,
        "day": "Mercredi",
        "raw_time_slot": "10h-12h",
        "week_name": "Semaine 1",
        "course_id": "5f9bbf1f-e349-4bf2-8d2f-20d818533c6b",
        "class": "2.2"
      },
      {
        "id": "d66906c6-042d-46b7-8908-80d3828c290f",
        "professor": "Mme Navarro",
        "start_time": "08:00",
        "end_time": "10:00",
        "duration_hours": 2.0,
        "course_type": "Cours",
        "nb_students": "25",
        "assigned_room": null,
        "day": "Mercredi",
        "raw_time_slot": "8h-10h",
        "week_name": "Semaine 1",
        "course_id": "d66906c6-042d-46b7-8908-80d3828c290f",
        "class": "2.10"
      },
      {
        "id": "026d3918-4b49-4429-b92f-4f3870a67ebb",
        "professor": "M Roba SNT",
        "start_time": "10:00",
        "end_time": "12:00",
        "duration_hours": 2.0,
        "course_type": "Cours",
        "nb_students": "25",
        "assigned_room": null,
        "day": "Mercredi",
        "raw_time_slot": "10h-12h",
        "week_name": "Semaine 1",
        "course_id": "026d3918-4b49-4429-b92f-4f3870a67ebb",
        "class": "2.8"
      },
      {
        "id": "08ec1bbc-85a6-4baa-a003-65546c13e623",
        "professor": "Mme Casenove",
        "start_time": "08:00",
        "end_time": "10:00",
        "duration_hours": 2.0,
        "course_type": "Cours",
        "nb_students": "25",
        "assigned_room": null,
        "day": "Mercredi",
        "raw_time_slot": "8h-10h",
        "week_name": "Semaine 1",
        "course_id": "08ec1bbc-85a6-4baa-a003-65546c13e623",
        "class": "2.11"
      },
      {
        "id": "de96922e-858b-420d-b97a-134828884679",
        "professor": "M Turcan",
        "start_time": "10:00",
        "end_time": "12:00",
        "duration_hours": 2.0,
        "course_type": "Cours",
        "nb_students": "25",
        "assigned_room": null,
        "day": "Mercredi",
        "raw_time_slot": "10h-12h",
        "week_name": "Semaine 1",
        "course_id": "de96922e-858b-420d-b97a-134828884679",
        "class": "TTST2S2"
      },
      {
        "id": "05f7af87-c90d-45a1-942a-86df2bf6a9c0",
        "professor": "M Sanchez",
        "start_time": "08:00",
        "end_time": "10:00",
        "duration_hours": 2.0,
        "course_type": "Cours",
        "nb_students": "25",
        "assigned_room": null,
        "day": "Mercredi",
        "raw_time_slot": "8h-10h",
        "week_name": "Semaine 1",
        "course_id": "05f7af87-c90d-45a1-942a-86df2bf6a9c0",
        "class": "2.11"
      },
      {
        "id": "dcdc8653-b982-4baa-809a-3796e20ada2e",
        "professor": "Mme Roglet",
        "start_time": "09:00",
        "end_time": "11:00",
        "duration_hours": 2.0,
        "course_type": "Cours",
        "nb_students": "25",
        "assigned_room": "306",
        "day": "Mercredi",
        "raw_time_slot": "9h-11h",
        "week_name": "Semaine 1",
        "course_id": "dcdc8653-b982-4baa-809a-3796e20ada2e",
        "class": "BST1"
      },
      {
        "id": "23ca6ff6-d6fd-4a2f-83e9-712e460d0e91",
        "professor": "M Moya",
        "start_time": "08:00",
        "end_time": "10:00",
        "duration_hours": 2.0,
        "course_type": "Cours",
        "nb_students": "25",
        "assigned_room": "302",
        "day": "Mercredi",
        "raw_time_slot": "8h-10h",
        "week_name": "Semaine 1",
        "course_id": "23ca6ff6-d6fd-4a2f-83e9-712e460d0e91",
        "class": "1STL"
      },
      {
        "id": "a4ec1ff1-4300-4c28-b6d7-2482e63baf50",
        "professor": "Mme Martin",
        "start_time": "08:00",
        "end_time": "10:00",
        "duration_hours": 2.0,
        "course_type": "Cours",
        "nb_students": "25",
        "assigned_room": "305",
        "day": "Mercredi",
        "raw_time_slot": "8h-10h",
        "week_name": "Semaine 1",
        "course_id": "a4ec1ff1-4300-4c28-b6d7-2482e63baf50",
        "class": "1STL"
      }
    ],
    "Jeudi": [
      {
        "id": "7a190507-e9a3-4ef0-9297-a2d94dd07c56",
        "professor": "Mme Duverniex",
        "start_time": "08:00",
        "end_time": "09:00",
        "duration_hours": 1.0,
        "course_type": "Cours",
        "nb_students": "25",
        "assigned_room": null,
        "day": "Jeudi",
        "raw_time_slot": "8h-9h",
        "week_name": "Semaine 1",
        "course_id": "7a190507-e9a3-4ef0-9297-a2d94dd07c56",
        "class": "TG4"
      },
      {
        "id": "33b0096f-c002-484c-bbc7-c9c802c52639",
        "professor": "M Grand",
        "start_time": "09:00",
        "end_time": "11:00",
        "duration_hours": 2.0,
        "course_type": "Cours",
        "nb_students": "25",
        "assigned_room": null,
        "day": "Jeudi",
        "raw_time_slot": "9h-11h",
        "week_name": "Semaine 1",
        "course_id": "33b0096f-c002-484c-bbc7-c9c802c52639",
        "class": "2.9"
      },
      {
        "id": "0b7f67da-6099-49f2-889c-e512f26f9e4d",
        "professor": "M Moya",
        "start_time": "08:00",
        "end_time": "11:00",
        "duration_hours": 3.0,
        "course_type": "Cours",
        "nb_students": "25",
        "assigned_room": null,
        "day": "Jeudi",
        "raw_time_slot": "8h-11h",
        "week_name": "Semaine 1",
        "course_id": "0b7f67da-6099-49f2-889c-e512f26f9e4d",
        "class": "302"
      },
      {
        "id": "0a777199-593f-4800-9aa7-3a62f066d4eb",
        "professor": "Mme Hellouvry",
        "start_time": "10:00",
        "end_time": "12:00",
        "duration_hours": 2.0,
        "course_type": "Cours",
        "nb_students": "25",
        "assigned_room": null,
        "day": "Jeudi",
        "raw_time_slot": "10h-12h",
        "week_name": "Semaine 1",
        "course_id": "0a777199-593f-4800-9aa7-3a62f066d4eb",
        "class": "TTST2S1"
      },
      {
        "id": "32651c29-c19e-4ce0-ac35-6a8d0bef6b72",
        "professor": "Mme Duffaud SNT",
        "start_time": "13:00",
        "end_time": "15:00",
        "duration_hours": 2.0,
        "course_type": "Cours",
        "nb_students": "25",
        "assigned_room": null,
        "day": "Jeudi",
        "raw_time_slot": "13H-15h",
        "week_name": "Semaine 1",
        "course_id": "32651c29-c19e-4ce0-ac35-6a8d0bef6b72",
        "class": "2.7"
      },
      {
        "id": "f4fb3e1f-8811-464e-8ef6-49573ead9069",
        "professor": "M Moya",
        "start_time": "13:00",
        "end_time": "16:00",
        "duration_hours": 3.0,
        "course_type": "Cours",
        "nb_students": "25",
        "assigned_room": null,
        "day": "Jeudi",
        "raw_time_slot": "13h-16h",
        "week_name": "Semaine 1",
        "course_id": "f4fb3e1f-8811-464e-8ef6-49573ead9069",
        "class": "302"
      },
      {
        "id": "e9658c8e-5b24-4720-892e-d818c04f75f4",
        "professor": "Mme Hellouvry",
        "start_time": "15:00",
        "end_time": "16:00",
        "duration_hours": 1.0,
        "course_type": "Cours",
        "nb_students": "25",
        "assigned_room": null,
        "day": "Jeudi",
        "raw_time_slot": "15h-16h",
        "week_name": "Semaine 1",
        "course_id": "e9658c8e-5b24-4720-892e-d818c04f75f4",
        "class": "1TST2S2"
      },
      {
        "id": "ced13ad2-c582-4748-bedd-67ff0b11b6e8",
        "professor": "Mme Hellouvry",
        "start_time": "08:00",
        "end_time": "09:00",
        "duration_hours": 1.0,
        "course_type": "Cours",
        "nb_students": "25",
        "assigned_room": null,
        "day": "Jeudi",
        "raw_time_slot": "8h-9h",
        "week_name": "Semaine 1",
        "course_id": "ced13ad2-c582-4748-bedd-67ff0b11b6e8",
        "class": "TG5"
      },
      {
        "id": "81b8874a-8f60-4221-b645-c189a27aba34",
        "professor": "Mme Dewailly",
        "start_time": "09:00",
        "end_time": "11:00",
        "duration_hours": 2.0,
        "course_type": "Cours",
        "nb_students": "25",
        "assigned_room": null,
        "day": "Jeudi",
        "raw_time_slot": "9h-11h",
        "week_name": "Semaine 1",
        "course_id": "81b8874a-8f60-4221-b645-c189a27aba34",
        "class": "2.9"
      },
      {
        "id": "ee7f62e1-e704-4d29-86a5-a067fc42804a",
        "professor": "Mme Roglet",
        "start_time": "08:00",
        "end_time": "11:00",
        "duration_hours": 3.0,
        "course_type": "Cours",
        "nb_students": "25",
        "assigned_room": null,
        "day": "Jeudi",
        "raw_time_slot": "8h-11h",
        "week_name": "Semaine 1",
        "course_id": "ee7f62e1-e704-4d29-86a5-a067fc42804a",
        "class": "306"
      },
      {
        "id": "32b894a0-d627-4034-a27c-1e9365490e85",
        "professor": "M Masse",
        "start_time": "10:00",
        "end_time": "12:00",
        "duration_hours": 2.0,
        "course_type": "Cours",
        "nb_students": "25",
        "assigned_room": null,
        "day": "Jeudi",
        "raw_time_slot": "10h-12h",
        "week_name": "Semaine 1",
        "course_id": "32b894a0-d627-4034-a27c-1e9365490e85",
        "class": "1G3"
      },
      {
        "id": "acf20cb6-50f5-4515-a4b2-97c2abfa4b5a",
        "professor": "M Gau SNT",
        "start_time": "13:00",
        "end_time": "15:00",
        "duration_hours": 2.0,
        "course_type": "Cours",
        "nb_students": "25",
        "assigned_room": null,
        "day": "Jeudi",
        "raw_time_slot": "13H-15h",
        "week_name": "Semaine 1",
        "course_id": "acf20cb6-50f5-4515-a4b2-97c2abfa4b5a",
        "class": "2.1"
      },
      {
        "id": "ff63ab2f-7196-4df9-a72c-c24c50b02840",
        "professor": "Mme Roglet",
        "start_time": "13:00",
        "end_time": "16:00",
        "duration_hours": 3.0,
        "course_type": "Cours",
        "nb_students": "25",
        "assigned_room": null,
        "day": "Jeudi",
        "raw_time_slot": "13h-16h",
        "week_name": "Semaine 1",
        "course_id": "ff63ab2f-7196-4df9-a72c-c24c50b02840",
        "class": "306"
      },
      {
        "id": "4ec45861-1622-4f4a-a246-1e300c201dba",
        "professor": "Mme Louvet",
        "start_time": "09:00",
        "end_time": "11:00",
        "duration_hours": 2.0,
        "course_type": "Cours",
        "nb_students": "25",
        "assigned_room": null,
        "day": "Jeudi",
        "raw_time_slot": "9h-11h",
        "week_name": "Semaine 1",
        "course_id": "4ec45861-1622-4f4a-a246-1e300c201dba",
        "class": "2.13"
      },
      {
        "id": "44c42d8e-0f80-4535-8a8a-e02a064925f3",
        "professor": "Mme Roldan",
        "start_time": "10:00",
        "end_time": "12:00",
        "duration_hours": 2.0,
        "course_type": "Cours",
        "nb_students": "25",
        "assigned_room": null,
        "day": "Jeudi",
        "raw_time_slot": "10h-12h",
        "week_name": "Semaine 1",
        "course_id": "44c42d8e-0f80-4535-8a8a-e02a064925f3",
        "class": "1G2"
      },
      {
        "id": "8c38040a-8bee-40ac-8b53-6adc038f0739",
        "professor": "M Grand",
        "start_time": "13:00",
        "end_time": "15:00",
        "duration_hours": 2.0,
        "course_type": "Cours",
        "nb_students": "25",
        "assigned_room": null,
        "day": "Jeudi",
        "raw_time_slot": "13H-15h",
        "week_name": "Semaine 1",
        "course_id": "8c38040a-8bee-40ac-8b53-6adc038f0739",
        "class": "TG6"
      },
      {
        "id": "540cb83f-3f0b-4c6a-9b05-8f1c1bac416f",
        "professor": "M Tripier",
        "start_time": "09:00",
        "end_time": "11:00",
        "duration_hours": 2.0,
        "course_type": "Cours",
        "nb_students": "25",
        "assigned_room": null,
        "day": "Jeudi",
        "raw_time_slot": "9h-11h",
        "week_name": "Semaine 1",
        "course_id": "540cb83f-3f0b-4c6a-9b05-8f1c1bac416f",
        "class": "2.13"
      },
      {
        "id": "c2519890-4713-4e5c-989e-05b0e19d56e2",
        "professor": "Mme Hellouvry",
        "start_time": "13:00",
        "end_time": "15:00",
        "duration_hours": 2.0,
        "course_type": "Cours",
        "nb_students": "25",
        "assigned_room": null,
        "day": "Jeudi",
        "raw_time_slot": "13H-15h",
        "week_name": "Semaine 1",
        "course_id": "c2519890-4713-4e5c-989e-05b0e19d56e2",
        "class": "1G1"
      },
      {
        "id": "5943ff43-cd33-420a-877a-57e934814399",
        "professor": "Mme Casenove",
        "start_time": "09:00",
        "end_time": "11:00",
        "duration_hours": 2.0,
        "course_type": "Cours",
        "nb_students": "25",
        "assigned_room": null,
        "day": "Jeudi",
        "raw_time_slot": "9h-11h",
        "week_name": "Semaine 1",
        "course_id": "5943ff43-cd33-420a-877a-57e934814399",
        "class": "2.12"
      },
      {
        "id": "11683124-1bc8-4e0c-9268-af7102f3e2fd",
        "professor": "Mme Duverniex",
        "start_time": "09:00",
        "end_time": "11:00",
        "duration_hours": 2.0,
        "course_type": "Cours",
        "nb_students": "25",
        "assigned_room": null,
        "day": "Jeudi",
        "raw_time_slot": "9h-11h",
        "week_name": "Semaine 1",
        "course_id": "11683124-1bc8-4e0c-9268-af7102f3e2fd",
        "class": "2.12"
      },
      {
        "id": "e4d103f1-ebbe-42d3-a8bb-cc467d9cd8e5",
        "professor": "M Sanchez",
        "start_time": "09:00",
        "end_time": "11:00",
        "duration_hours": 2.0,
        "course_type": "Cours",
        "nb_students": "25",
        "assigned_room": null,
        "day": "Jeudi",
        "raw_time_slot": "9h-11h",
        "week_name": "Semaine 1",
        "course_id": "e4d103f1-ebbe-42d3-a8bb-cc467d9cd8e5",
        "class": "2.3"
      },
      {
        "id": "6ab93b34-cc91-4a33-adbe-015dd96b2714",
        "professor": "Mme Navarro",
        "start_time": "09:00",
        "end_time": "11:00",
        "duration_hours": 2.0,
        "course_type": "Cours",
        "nb_students": "25",
        "assigned_room": null,
        "day": "Jeudi",
        "raw_time_slot": "9h-11h",
        "week_name": "Semaine 1",
        "course_id": "6ab93b34-cc91-4a33-adbe-015dd96b2714",
        "class": "2.3"
      }
    ],
    "Vendredi": [
      {
        "id": "de8cbf15-0b1f-4af3-92a5-f6776121f95d",
        "professor": "M Tripier",
        "start_time": "08:00",
        "end_time": "09:00",
        "duration_hours": 1.0,
        "course_type": "Cours",
        "nb_students": "25",
        "assigned_room": null,
        "day": "Vendredi",
        "raw_time_slot": "8h-9h",
        "week_name": "Semaine 1",
        "course_id": "de8cbf15-0b1f-4af3-92a5-f6776121f95d",
        "class": "TG7"
      },
      {
        "id": "8e2fbbf8-d7f0-49e1-b607-a422932e3b4a",
        "professor": "M Grand",
        "start_time": "09:00",
        "end_time": "11:00",
        "duration_hours": 2.0,
        "course_type": "Cours",
        "nb_students": "25",
        "assigned_room": null,
        "day": "Vendredi",
        "raw_time_slot": "9h-11h",
        "week_name": "Semaine 1",
        "course_id": "8e2fbbf8-d7f0-49e1-b607-a422932e3b4a",
        "class": "2.7"
      },
      {
        "id": "a5dac383-9b5f-47dd-9862-e45b422c9d3b",
        "professor": "Mme Louvet",
        "start_time": "08:00",
        "end_time": "10:00",
        "duration_hours": 2.0,
        "course_type": "Cours",
        "nb_students": "25",
        "assigned_room": null,
        "day": "Vendredi",
        "raw_time_slot": "8h-10h",
        "week_name": "Semaine 1",
        "course_id": "a5dac383-9b5f-47dd-9862-e45b422c9d3b",
        "class": "TT2S1"
      },
      {
        "id": "2e12062b-bf5f-4b85-b49f-f65385b3d6d6",
        "professor": "Mme Hellouvry",
        "start_time": "10:00",
        "end_time": "12:00",
        "duration_hours": 2.0,
        "course_type": "Cours",
        "nb_students": "25",
        "assigned_room": null,
        "day": "Vendredi",
        "raw_time_slot": "10h-12h",
        "week_name": "Semaine 1",
        "course_id": "2e12062b-bf5f-4b85-b49f-f65385b3d6d6",
        "class": "1TST2S2"
      },
      {
        "id": "1955f375-23c6-4924-aa50-5abd476ea4b5",
        "professor": "Mme Hellouvry",
        "start_time": "09:00",
        "end_time": "10:00",
        "duration_hours": 1.0,
        "course_type": "Cours",
        "nb_students": "25",
        "assigned_room": null,
        "day": "Vendredi",
        "raw_time_slot": "9h-10h",
        "week_name": "Semaine 1",
        "course_id": "1955f375-23c6-4924-aa50-5abd476ea4b5",
        "class": "TG3"
      },
      {
        "id": "e678e34e-9afa-418c-863f-9cb23a1782fb",
        "professor": "M Chemet snt",
        "start_time": "15:00",
        "end_time": "17:00",
        "duration_hours": 2.0,
        "course_type": "Cours",
        "nb_students": "25",
        "assigned_room": null,
        "day": "Vendredi",
        "raw_time_slot": "15h-17h",
        "week_name": "Semaine 1",
        "course_id": "e678e34e-9afa-418c-863f-9cb23a1782fb",
        "class": "2.13"
      },
      {
        "id": "71ebab3a-1b0d-4323-8c9a-9e4fdebe35b1",
        "professor": "M Grand",
        "start_time": "13:00",
        "end_time": "16:00",
        "duration_hours": 3.0,
        "course_type": "Cours",
        "nb_students": "25",
        "assigned_room": null,
        "day": "Vendredi",
        "raw_time_slot": "13h-16h",
        "week_name": "Semaine 1",
        "course_id": "71ebab3a-1b0d-4323-8c9a-9e4fdebe35b1",
        "class": "2.4"
      },
      {
        "id": "8886e80e-f5c8-4e0b-aab7-03a94c588efe",
        "professor": "M Tripier",
        "start_time": "09:00",
        "end_time": "11:00",
        "duration_hours": 2.0,
        "course_type": "Cours",
        "nb_students": "25",
        "assigned_room": null,
        "day": "Vendredi",
        "raw_time_slot": "9h-11h",
        "week_name": "Semaine 1",
        "course_id": "8886e80e-f5c8-4e0b-aab7-03a94c588efe",
        "class": "2.7"
      },
      {
        "id": "d1a10322-ff39-4cbd-82dd-b7d46f48d283",
        "professor": "Mme Duffaud SNT",
        "start_time": "10:00",
        "end_time": "12:00",
        "duration_hours": 2.0,
        "course_type": "Cours",
        "nb_students": "25",
        "assigned_room": null,
        "day": "Vendredi",
        "raw_time_slot": "10h-12h",
        "week_name": "Semaine 1",
        "course_id": "d1a10322-ff39-4cbd-82dd-b7d46f48d283",
        "class": "2.3"
      },
      {
        "id": "cbdc3195-00e5-45b6-80a5-b5faa0d7e882",
        "professor": "M Radonde",
        "start_time": "13:00",
        "end_time": "15:00",
        "duration_hours": 2.0,
        "course_type": "Cours",
        "nb_students": "25",
        "assigned_room": null,
        "day": "Vendredi",
        "raw_time_slot": "13h-15h",
        "week_name": "Semaine 1",
        "course_id": "cbdc3195-00e5-45b6-80a5-b5faa0d7e882",
        "class": "TG7"
      },
      {
        "id": "edd60ae7-a549-4d47-ba00-07a322666c62",
        "professor": "M Sanchez",
        "start_time": "13:00",
        "end_time": "16:00",
        "duration_hours": 3.0,
        "course_type": "Cours",
        "nb_students": "25",
        "assigned_room": null,
        "day": "Vendredi",
        "raw_time_slot": "13h-16h",
        "week_name": "Semaine 1",
        "course_id": "edd60ae7-a549-4d47-ba00-07a322666c62",
        "class": "2.4"
      },
      {
        "id": "87f00aa7-26f8-497a-80b3-0bb6f25e5509",
        "professor": "M Bogaert",
        "start_time": "09:00",
        "end_time": "11:00",
        "duration_hours": 2.0,
        "course_type": "Cours",
        "nb_students": "25",
        "assigned_room": null,
        "day": "Vendredi",
        "raw_time_slot": "9h-11h",
        "week_name": "Semaine 1",
        "course_id": "87f00aa7-26f8-497a-80b3-0bb6f25e5509",
        "class": "2.11"
      },
      {
        "id": "be90e25b-0882-4842-8be1-b4b933ba4c7b",
        "professor": "Mme Roglet",
        "start_time": "13:00",
        "end_time": "15:00",
        "duration_hours": 2.0,
        "course_type": "Cours",
        "nb_students": "25",
        "assigned_room": "306",
        "day": "Vendredi",
        "raw_time_slot": "13h-15h",
        "week_name": "Semaine 1",
        "course_id": "be90e25b-0882-4842-8be1-b4b933ba4c7b",
        "class": "BST1"
      },
      {
        "id": "5d70c0ae-cdb6-4ecf-a895-6d43dee831b3",
        "professor": "Mme Dewailly",
        "start_time": "09:00",
        "end_time": "11:00",
        "duration_hours": 2.0,
        "course_type": "Cours",
        "nb_students": "25",
        "assigned_room": null,
        "day": "Vendredi",
        "raw_time_slot": "9h-11h",
        "week_name": "Semaine 1",
        "course_id": "5d70c0ae-cdb6-4ecf-a895-6d43dee831b3",
        "class": "2.11"
      },
      {
        "id": "67ff1cd8-8b09-4dec-ad8c-8679a128849e",
        "professor": "Mme Casenove",
        "start_time": "09:00",
        "end_time": "11:00",
        "duration_hours": 2.0,
        "course_type": "Cours",
        "nb_students": "25",
        "assigned_room": null,
        "day": "Vendredi",
        "raw_time_slot": "9h-11h",
        "week_name": "Semaine 1",
        "course_id": "67ff1cd8-8b09-4dec-ad8c-8679a128849e",
        "class": "2.2"
      },
      {
        "id": "540d4504-2294-419b-bda7-0395091dde7d",
        "professor": "M Sanchez",
        "start_time": "09:00",
        "end_time": "11:00",
        "duration_hours": 2.0,
        "course_type": "Cours",
        "nb_students": "25",
        "assigned_room": null,
        "day": "Vendredi",
        "raw_time_slot": "9h-11h",
        "week_name": "Semaine 1",
        "course_id": "540d4504-2294-419b-bda7-0395091dde7d",
        "class": "2.2"
      },
      {
        "id": "9ab41941-8ca7-4c14-a8b5-b81d7079a898",
        "professor": "Mme Roglet",
        "start_time": "09:00",
        "end_time": "11:00",
        "duration_hours": 2.0,
        "course_type": "Cours",
        "nb_students": "25",
        "assigned_room": null,
        "day": "Vendredi",
        "raw_time_slot": "9h-11h",
        "week_name": "Semaine 1",
        "course_id": "9ab41941-8ca7-4c14-a8b5-b81d7079a898",
        "class": "306"
      },
      {
        "id": "barascud_Vendredi_08:00-09:00",
        "professor": "Mme Barascud",
        "start_time": "08:00",
        "end_time": "09:00",
        "duration_hours": 1.0,
        "course_type": "Cours",
        "nb_students": "25",
        "assigned_room": "305",
        "day": "Vendredi",
        "raw_time_slot": "08:00-09:00",
        "week_name": "Semaine 1",
        "course_id": "barascud_Vendredi_08:00-09:00",
        "class": "BTS12"
      },
      {
        "id": "barascud_Vendredi_13:00-15:00",
        "professor": "Mme Barascud",
        "start_time": "13:00",
        "end_time": "15:00",
        "duration_hours": 2.0,
        "course_type": "Cours",
        "nb_students": "25",
        "assigned_room": "305",
        "day": "Vendredi",
        "raw_time_slot": "13:00-15:00",
        "week_name": "Semaine 1",
        "course_id": "barascud_Vendredi_13:00-15:00",
        "class": "BTS12"
      }
    ]
  },
  "Semaine 1 B": {
    "Lundi": [
      {
        "id": "4bd21ac8-8ec8-427f-8c22-6272f75edc84",
        "professor": "M Bogaert",
        "start_time": "08:00",
        "end_time": "12:00",
        "duration_hours": 4.0,
        "course_type": "SEMAINE B - Cours",
        "nb_students": "25",
        "assigned_room": null,
        "day": "Lundi",
        "raw_time_slot": "8h-12h",
        "week_name": "Semaine 1",
        "course_id": "4bd21ac8-8ec8-427f-8c22-6272f75edc84",
        "class": "1STL"
      },
      {
        "id": "50335a1a-1e34-4ca5-bde9-e0755d1100d7",
        "professor": "Mme Louvet",
        "start_time": "08:00",
        "end_time": "11:00",
        "duration_hours": 3.0,
        "course_type": "Cours",
        "nb_students": "25",
        "assigned_room": null,
        "day": "Lundi",
        "raw_time_slot": "8H-11H",
        "week_name": "Semaine 1",
        "course_id": "50335a1a-1e34-4ca5-bde9-e0755d1100d7",
        "class": "2.8"
      },
      {
        "id": "417701ca-0273-48aa-834c-3ce379fa1352",
        "professor": "M Turcan",
        "start_time": "10:00",
        "end_time": "12:00",
        "duration_hours": 2.0,
        "course_type": "Cours",
        "nb_students": "25",
        "assigned_room": null,
        "day": "Lundi",
        "raw_time_slot": "10h-12h",
        "week_name": "Semaine 1",
        "course_id": "417701ca-0273-48aa-834c-3ce379fa1352",
        "class": "TTST2S"
      },
      {
        "id": "22188421-c804-4691-bd8b-cb1e2a763bc0",
        "professor": "M Turcan",
        "start_time": "13:00",
        "end_time": "15:00",
        "duration_hours": 2.0,
        "course_type": "Cours",
        "nb_students": "25",
        "assigned_room": null,
        "day": "Lundi",
        "raw_time_slot": "13h-15h",
        "week_name": "Semaine 1",
        "course_id": "22188421-c804-4691-bd8b-cb1e2a763bc0",
        "class": "1TST2S1"
      },
      {
        "id": "8b35a067-70bf-488b-8685-2f49118c0d83",
        "professor": "M Bogaert",
        "start_time": "13:00",
        "end_time": "17:00",
        "duration_hours": 4.0,
        "course_type": "SEMAINE B - Cours",
        "nb_students": "25",
        "assigned_room": null,
        "day": "Lundi",
        "raw_time_slot": "13H-17H",
        "week_name": "Semaine 1",
        "course_id": "8b35a067-70bf-488b-8685-2f49118c0d83",
        "class": "1G1"
      },
      {
        "id": "457e9443-052f-487c-9d28-01433b7f440d",
        "professor": "M Landelle",
        "start_time": "15:00",
        "end_time": "16:30",
        "duration_hours": 1.5,
        "course_type": "Cours",
        "nb_students": "25",
        "assigned_room": null,
        "day": "Lundi",
        "raw_time_slot": "15h-16h30",
        "week_name": "Semaine 1",
        "course_id": "457e9443-052f-487c-9d28-01433b7f440d",
        "class": "2 op biotek1"
      },
      {
        "id": "ae2737d2-04c6-4682-b8f2-3d5d47dd24ef",
        "professor": "Mme Dewailly",
        "start_time": "08:00",
        "end_time": "11:00",
        "duration_hours": 3.0,
        "course_type": "Cours",
        "nb_students": "25",
        "assigned_room": null,
        "day": "Lundi",
        "raw_time_slot": "8H-11H",
        "week_name": "Semaine 1",
        "course_id": "ae2737d2-04c6-4682-b8f2-3d5d47dd24ef",
        "class": "2.8"
      },
      {
        "id": "6541fd06-56fd-4d5a-986b-87bc9970a943",
        "professor": "M Chemet snt",
        "start_time": "13:00",
        "end_time": "15:00",
        "duration_hours": 2.0,
        "course_type": "Cours",
        "nb_students": "25",
        "assigned_room": null,
        "day": "Lundi",
        "raw_time_slot": "13h-15h",
        "week_name": "Semaine 1",
        "course_id": "6541fd06-56fd-4d5a-986b-87bc9970a943",
        "class": "2.5"
      },
      {
        "id": "eecd0f71-c85b-42e8-bcc6-6501c1ecd9f7",
        "professor": "Mme Dewailly",
        "start_time": "13:00",
        "end_time": "17:00",
        "duration_hours": 4.0,
        "course_type": "Cours",
        "nb_students": "25",
        "assigned_room": null,
        "day": "Lundi",
        "raw_time_slot": "13H-17H",
        "week_name": "Semaine 1",
        "course_id": "eecd0f71-c85b-42e8-bcc6-6501c1ecd9f7",
        "class": "1G2"
      },
      {
        "id": "81933f45-01de-4d6a-83ec-37acc750a194",
        "professor": "Mme Martin",
        "start_time": "15:00",
        "end_time": "16:30",
        "duration_hours": 1.5,
        "course_type": "Cours",
        "nb_students": "25",
        "assigned_room": null,
        "day": "Lundi",
        "raw_time_slot": "15h-16h30",
        "week_name": "Semaine 1",
        "course_id": "81933f45-01de-4d6a-83ec-37acc750a194",
        "class": "2 op biotek2"
      },
      {
        "id": "3808bda9-8952-489e-89bd-bbc12d6df309",
        "professor": "M Sanchez",
        "start_time": "13:00",
        "end_time": "15:00",
        "duration_hours": 2.0,
        "course_type": "Cours",
        "nb_students": "25",
        "assigned_room": null,
        "day": "Lundi",
        "raw_time_slot": "13h-15h",
        "week_name": "Semaine 1",
        "course_id": "3808bda9-8952-489e-89bd-bbc12d6df309",
        "class": "1G4"
      },
      {
        "id": "9f37b362-eb5e-4dcb-816f-97a2014fa4dc",
        "professor": "Mme Hellouvry",
        "start_time": "13:00",
        "end_time": "17:00",
        "duration_hours": 4.0,
        "course_type": "Cours",
        "nb_students": "25",
        "assigned_room": null,
        "day": "Lundi",
        "raw_time_slot": "13H-17H",
        "week_name": "Semaine 1",
        "course_id": "9f37b362-eb5e-4dcb-816f-97a2014fa4dc",
        "class": "1G1"
      },
      {
        "id": "70a8f5c5-8793-4dc9-b8df-b4bd4a01b27e",
        "professor": "M Moya",
        "start_time": "13:00",
        "end_time": "15:00",
        "duration_hours": 2.0,
        "course_type": "Cours",
        "nb_students": "25",
        "assigned_room": "302",
        "day": "Lundi",
        "raw_time_slot": "13h-15h",
        "week_name": "Semaine 1",
        "course_id": "70a8f5c5-8793-4dc9-b8df-b4bd4a01b27e",
        "class": "1STL"
      },
      {
        "id": "376b875e-3c34-4f92-92f6-48eaec559ba3",
        "professor": "M Masse",
        "start_time": "13:00",
        "end_time": "17:00",
        "duration_hours": 4.0,
        "course_type": "Cours",
        "nb_students": "25",
        "assigned_room": null,
        "day": "Lundi",
        "raw_time_slot": "13H-17H",
        "week_name": "Semaine 1",
        "course_id": "376b875e-3c34-4f92-92f6-48eaec559ba3",
        "class": "1G3"
      },
      {
        "id": "3ba45cc9-c75a-4786-bd3c-21e985359c98",
        "professor": "Mme Martin",
        "start_time": "13:00",
        "end_time": "15:00",
        "duration_hours": 2.0,
        "course_type": "Cours",
        "nb_students": "25",
        "assigned_room": "306",
        "day": "Lundi",
        "raw_time_slot": "13h-15h",
        "week_name": "Semaine 1",
        "course_id": "3ba45cc9-c75a-4786-bd3c-21e985359c98",
        "class": "1STL"
      },
      {
        "id": "f34866a4-cc67-45b1-ab87-4f5d65038d8b",
        "professor": "Mme Roldan",
        "start_time": "13:00",
        "end_time": "17:00",
        "duration_hours": 4.0,
        "course_type": "Cours",
        "nb_students": "25",
        "assigned_room": null,
        "day": "Lundi",
        "raw_time_slot": "13H-17H",
        "week_name": "Semaine 1",
        "course_id": "f34866a4-cc67-45b1-ab87-4f5d65038d8b",
        "class": "1G2"
      },
      {
        "id": "barascud_Lundi_08:00-12:00",
        "professor": "Mme Barascud",
        "start_time": "08:00",
        "end_time": "12:00",
        "duration_hours": 4.0,
        "course_type": "Cours",
        "nb_students": "25",
        "assigned_room": "305",
        "day": "Lundi",
        "raw_time_slot": "08:00-12:00",
        "week_name": "Semaine 1",
        "course_id": "barascud_Lundi_08:00-12:00",
        "class": "BTS1"
      },
      {
        "id": "barascud_Lundi_15:00-17:00",
        "professor": "Mme Barascud",
        "start_time": "15:00",
        "end_time": "17:00",
        "duration_hours": 2.0,
        "course_type": "Cours",
        "nb_students": "25",
        "assigned_room": "305",
        "day": "Lundi",
        "raw_time_slot": "15:00-17:00",
        "week_name": "Semaine 1",
        "course_id": "barascud_Lundi_15:00-17:00",
        "class": "BTS1"
      }
    ],
    "Mardi": [
      {
        "id": "bc80190a-6981-48a0-9227-bc1c1e7ca424",
        "professor": "Mme Hellouvry",
        "start_time": "08:00",
        "end_time": "10:00",
        "duration_hours": 2.0,
        "course_type": "Cours",
        "nb_students": "25",
        "assigned_room": null,
        "day": "Mardi",
        "raw_time_slot": "8h-10h",
        "week_name": "Semaine 1",
        "course_id": "bc80190a-6981-48a0-9227-bc1c1e7ca424",
        "class": "TTST2S1"
      },
      {
        "id": "43f2b279-e732-4509-bb85-5b1b7d3c0901",
        "professor": "Mme Duverniex",
        "start_time": "08:00",
        "end_time": "12:00",
        "duration_hours": 4.0,
        "course_type": "Cours",
        "nb_students": "25",
        "assigned_room": null,
        "day": "Mardi",
        "raw_time_slot": "8h-12h",
        "week_name": "Semaine 1",
        "course_id": "43f2b279-e732-4509-bb85-5b1b7d3c0901",
        "class": "TG2"
      },
      {
        "id": "4c3f9b20-b162-40ca-9cb2-03f478bf2d82",
        "professor": "M Bogaert",
        "start_time": "08:00",
        "end_time": "11:00",
        "duration_hours": 3.0,
        "course_type": "SEMAINE B - Cours",
        "nb_students": "25",
        "assigned_room": null,
        "day": "Mardi",
        "raw_time_slot": "8H-11H",
        "week_name": "Semaine 1",
        "course_id": "4c3f9b20-b162-40ca-9cb2-03f478bf2d82",
        "class": "2.6"
      },
      {
        "id": "c0314dd1-4288-4ded-a1c0-9f69cd716af2",
        "professor": "M Turcan",
        "start_time": "09:00",
        "end_time": "10:00",
        "duration_hours": 1.0,
        "course_type": "Cours",
        "nb_students": "25",
        "assigned_room": null,
        "day": "Mardi",
        "raw_time_slot": "9h-10h",
        "week_name": "Semaine 1",
        "course_id": "c0314dd1-4288-4ded-a1c0-9f69cd716af2",
        "class": "TTST2S2"
      },
      {
        "id": "625dc7b7-a1a7-4eef-bbdb-def82509b620",
        "professor": "M Turcan",
        "start_time": "10:00",
        "end_time": "12:00",
        "duration_hours": 2.0,
        "course_type": "Cours",
        "nb_students": "25",
        "assigned_room": null,
        "day": "Mardi",
        "raw_time_slot": "10h-12h",
        "week_name": "Semaine 1",
        "course_id": "625dc7b7-a1a7-4eef-bbdb-def82509b620",
        "class": "1STL"
      },
      {
        "id": "37e20c62-f14d-40c7-aef1-39ca4f6a8a1a",
        "professor": "M Masse",
        "start_time": "13:00",
        "end_time": "16:00",
        "duration_hours": 3.0,
        "course_type": "Cours",
        "nb_students": "25",
        "assigned_room": null,
        "day": "Mardi",
        "raw_time_slot": "13h-16h",
        "week_name": "Semaine 1",
        "course_id": "37e20c62-f14d-40c7-aef1-39ca4f6a8a1a",
        "class": "2.5"
      },
      {
        "id": "8f0f54e7-d076-4d35-8478-1c802a1d8c12",
        "professor": "Mme Hellouvry",
        "start_time": "13:00",
        "end_time": "14:00",
        "duration_hours": 1.0,
        "course_type": "Cours",
        "nb_students": "25",
        "assigned_room": null,
        "day": "Mardi",
        "raw_time_slot": "13H-14H",
        "week_name": "Semaine 1",
        "course_id": "8f0f54e7-d076-4d35-8478-1c802a1d8c12",
        "class": "TG5"
      },
      {
        "id": "a30e31e4-8859-438f-91b6-cd587772e3e3",
        "professor": "M Turcan",
        "start_time": "14:00",
        "end_time": "15:00",
        "duration_hours": 1.0,
        "course_type": "Cours",
        "nb_students": "25",
        "assigned_room": null,
        "day": "Mardi",
        "raw_time_slot": "14h-15h",
        "week_name": "Semaine 1",
        "course_id": "a30e31e4-8859-438f-91b6-cd587772e3e3",
        "class": "1TST2S1"
      },
      {
        "id": "1cef6041-bdcb-4d92-9a91-319154336c66",
        "professor": "M Chemet snt",
        "start_time": "13:00",
        "end_time": "17:00",
        "duration_hours": 4.0,
        "course_type": "Cours",
        "nb_students": "25",
        "assigned_room": null,
        "day": "Mardi",
        "raw_time_slot": "13h-17h",
        "week_name": "Semaine 1",
        "course_id": "1cef6041-bdcb-4d92-9a91-319154336c66",
        "class": "2.6"
      },
      {
        "id": "6df8b2ad-0a38-43d0-a9a5-9c6df3372ce6",
        "professor": "M Turcan",
        "start_time": "16:00",
        "end_time": "17:00",
        "duration_hours": 1.0,
        "course_type": "Cours",
        "nb_students": "25",
        "assigned_room": null,
        "day": "Mardi",
        "raw_time_slot": "16h-17h",
        "week_name": "Semaine 1",
        "course_id": "6df8b2ad-0a38-43d0-a9a5-9c6df3372ce6",
        "class": "1TST2S1"
      },
      {
        "id": "8bb4a724-b8d3-446a-92a3-2955e270a415",
        "professor": "M Tripier",
        "start_time": "08:00",
        "end_time": "10:00",
        "duration_hours": 2.0,
        "course_type": "Cours",
        "nb_students": "25",
        "assigned_room": null,
        "day": "Mardi",
        "raw_time_slot": "8h-10h",
        "week_name": "Semaine 1",
        "course_id": "8bb4a724-b8d3-446a-92a3-2955e270a415",
        "class": "TG5"
      },
      {
        "id": "e74ad7a3-ca05-4687-b3ea-5980419bac19",
        "professor": "M Masse",
        "start_time": "08:00",
        "end_time": "12:00",
        "duration_hours": 4.0,
        "course_type": "Cours",
        "nb_students": "25",
        "assigned_room": null,
        "day": "Mardi",
        "raw_time_slot": "8h-12h",
        "week_name": "Semaine 1",
        "course_id": "e74ad7a3-ca05-4687-b3ea-5980419bac19",
        "class": "TG6"
      },
      {
        "id": "88abd57c-5d74-4c6f-812b-f8c33676b2c7",
        "professor": "Mme Dewailly",
        "start_time": "08:00",
        "end_time": "11:00",
        "duration_hours": 3.0,
        "course_type": "Cours",
        "nb_students": "25",
        "assigned_room": null,
        "day": "Mardi",
        "raw_time_slot": "8H-11H",
        "week_name": "Semaine 1",
        "course_id": "88abd57c-5d74-4c6f-812b-f8c33676b2c7",
        "class": "2.6"
      },
      {
        "id": "9823a12b-2bef-4914-9032-f22714f784d4",
        "professor": "Mme Duverniex",
        "start_time": "13:00",
        "end_time": "16:00",
        "duration_hours": 3.0,
        "course_type": "Cours",
        "nb_students": "25",
        "assigned_room": null,
        "day": "Mardi",
        "raw_time_slot": "13h-16h",
        "week_name": "Semaine 1",
        "course_id": "9823a12b-2bef-4914-9032-f22714f784d4",
        "class": "2.5"
      },
      {
        "id": "595961de-ad37-483c-9a5b-4a3175bc94e1",
        "professor": "Mme Dewailly",
        "start_time": "13:00",
        "end_time": "15:00",
        "duration_hours": 2.0,
        "course_type": "Cours",
        "nb_students": "25",
        "assigned_room": null,
        "day": "Mardi",
        "raw_time_slot": "13h-15h",
        "week_name": "Semaine 1",
        "course_id": "595961de-ad37-483c-9a5b-4a3175bc94e1",
        "class": "1G2"
      },
      {
        "id": "082e4938-29a3-467a-87f5-d21da56652f2",
        "professor": "Mme Kaminski",
        "start_time": "16:00",
        "end_time": "17:00",
        "duration_hours": 1.0,
        "course_type": "Cours",
        "nb_students": "25",
        "assigned_room": null,
        "day": "Mardi",
        "raw_time_slot": "16h-17h",
        "week_name": "Semaine 1",
        "course_id": "082e4938-29a3-467a-87f5-d21da56652f2",
        "class": "1TST2S2"
      },
      {
        "id": "dd06fe3a-2562-4fbe-a0d1-5ed52fd49727",
        "professor": "M Gau SNT",
        "start_time": "08:00",
        "end_time": "10:00",
        "duration_hours": 2.0,
        "course_type": "Cours",
        "nb_students": "25",
        "assigned_room": null,
        "day": "Mardi",
        "raw_time_slot": "8h-10h",
        "week_name": "Semaine 1",
        "course_id": "dd06fe3a-2562-4fbe-a0d1-5ed52fd49727",
        "class": "2.10"
      },
      {
        "id": "7252f11d-767c-4daa-8132-2ddacfcd02aa",
        "professor": "M Radonde",
        "start_time": "08:00",
        "end_time": "12:00",
        "duration_hours": 4.0,
        "course_type": "Cours",
        "nb_students": "25",
        "assigned_room": null,
        "day": "Mardi",
        "raw_time_slot": "8h-12h",
        "week_name": "Semaine 1",
        "course_id": "7252f11d-767c-4daa-8132-2ddacfcd02aa",
        "class": "TG1"
      },
      {
        "id": "17ea7f14-2960-4a77-8f82-a730f13613ea",
        "professor": "M Moya",
        "start_time": "13:00",
        "end_time": "16:00",
        "duration_hours": 3.0,
        "course_type": "Cours",
        "nb_students": "25",
        "assigned_room": "302",
        "day": "Mardi",
        "raw_time_slot": "13h-16h",
        "week_name": "Semaine 1",
        "course_id": "17ea7f14-2960-4a77-8f82-a730f13613ea",
        "class": "1STL"
      },
      {
        "id": "9fa63bbd-0dc3-4978-abd0-73b28f0a0f38",
        "professor": "Mme Kaminski",
        "start_time": "13:00",
        "end_time": "15:00",
        "duration_hours": 2.0,
        "course_type": "Cours",
        "nb_students": "25",
        "assigned_room": null,
        "day": "Mardi",
        "raw_time_slot": "13h-15h",
        "week_name": "Semaine 1",
        "course_id": "9fa63bbd-0dc3-4978-abd0-73b28f0a0f38",
        "class": "1TST2S2"
      },
      {
        "id": "bca46569-68df-4254-bc91-2b2e1d7ca66a",
        "professor": "Mme Roldan",
        "start_time": "08:00",
        "end_time": "12:00",
        "duration_hours": 4.0,
        "course_type": "Cours",
        "nb_students": "25",
        "assigned_room": null,
        "day": "Mardi",
        "raw_time_slot": "8h-12h",
        "week_name": "Semaine 1",
        "course_id": "bca46569-68df-4254-bc91-2b2e1d7ca66a",
        "class": "TG3"
      },
      {
        "id": "fb518039-9c26-4328-b535-f26ebfb4da07",
        "professor": "Mme Martin",
        "start_time": "13:00",
        "end_time": "16:00",
        "duration_hours": 3.0,
        "course_type": "Cours",
        "nb_students": "25",
        "assigned_room": "306",
        "day": "Mardi",
        "raw_time_slot": "13h-16h",
        "week_name": "Semaine 1",
        "course_id": "fb518039-9c26-4328-b535-f26ebfb4da07",
        "class": "1STL"
      },
      {
        "id": "b22965ac-a770-43c1-a334-4f7a8352b805",
        "professor": "Mme Duffaud SNT",
        "start_time": "13:00",
        "end_time": "15:00",
        "duration_hours": 2.0,
        "course_type": "Cours",
        "nb_students": "25",
        "assigned_room": null,
        "day": "Mardi",
        "raw_time_slot": "13h-15h",
        "week_name": "Semaine 1",
        "course_id": "b22965ac-a770-43c1-a334-4f7a8352b805",
        "class": "2.4"
      },
      {
        "id": "896677d2-e0ff-420d-a16a-019c1be6e50c",
        "professor": "Mme Martin",
        "start_time": "08:00",
        "end_time": "12:00",
        "duration_hours": 4.0,
        "course_type": "Cours",
        "nb_students": "25",
        "assigned_room": "305",
        "day": "Mardi",
        "raw_time_slot": "8h-12h",
        "week_name": "Semaine 1",
        "course_id": "896677d2-e0ff-420d-a16a-019c1be6e50c",
        "class": "BTS1"
      },
      {
        "id": "b3c26fbb-4710-47bf-8eda-072ea3bb665c",
        "professor": "M Sanchez",
        "start_time": "14:00",
        "end_time": "15:00",
        "duration_hours": 1.0,
        "course_type": "Cours",
        "nb_students": "25",
        "assigned_room": null,
        "day": "Mardi",
        "raw_time_slot": "14h-15h",
        "week_name": "Semaine 1",
        "course_id": "b3c26fbb-4710-47bf-8eda-072ea3bb665c",
        "class": "1G4"
      },
      {
        "id": "39b479e7-f4ef-4e05-870f-cc5c42e04b46",
        "professor": "M Sourioux SNT",
        "start_time": "13:00",
        "end_time": "17:00",
        "duration_hours": 4.0,
        "course_type": "Cours",
        "nb_students": "25",
        "assigned_room": null,
        "day": "Mardi",
        "raw_time_slot": "13h-17h",
        "week_name": "Semaine 1",
        "course_id": "39b479e7-f4ef-4e05-870f-cc5c42e04b46",
        "class": "2.12"
      },
      {
        "id": "6cc81ad2-e196-42a1-9dd7-effbdedbfe78",
        "professor": "Mme Roglet",
        "start_time": "08:00",
        "end_time": "10:00",
        "duration_hours": 2.0,
        "course_type": "Cours",
        "nb_students": "25",
        "assigned_room": "306",
        "day": "Mardi",
        "raw_time_slot": "8h-10h",
        "week_name": "Semaine 1",
        "course_id": "6cc81ad2-e196-42a1-9dd7-effbdedbfe78",
        "class": "BST2"
      },
      {
        "id": "ad1c78c1-bae7-47b9-9aa1-8ca5032e2ca0",
        "professor": "M Bogaert",
        "start_time": "14:00",
        "end_time": "15:00",
        "duration_hours": 1.0,
        "course_type": "SEMAINE B - Cours",
        "nb_students": "25",
        "assigned_room": null,
        "day": "Mardi",
        "raw_time_slot": "14h-15h",
        "week_name": "Semaine 1",
        "course_id": "ad1c78c1-bae7-47b9-9aa1-8ca5032e2ca0",
        "class": "1G1"
      }
    ],
    "Mercredi": [
      {
        "id": "82be4f3a-f589-4e24-90f3-e07c2ac5ba85",
        "professor": "Mme Hellouvry",
        "start_time": "08:00",
        "end_time": "09:00",
        "duration_hours": 1.0,
        "course_type": "Cours",
        "nb_students": "25",
        "assigned_room": null,
        "day": "Mercredi",
        "raw_time_slot": "8h-9h",
        "week_name": "Semaine 1",
        "course_id": "82be4f3a-f589-4e24-90f3-e07c2ac5ba85",
        "class": "TTST2S1"
      },
      {
        "id": "fa921aee-9718-471d-9641-78e59d5b7100",
        "professor": "Mme Hellouvry",
        "start_time": "09:00",
        "end_time": "11:00",
        "duration_hours": 2.0,
        "course_type": "Cours",
        "nb_students": "25",
        "assigned_room": null,
        "day": "Mercredi",
        "raw_time_slot": "9h-11h",
        "week_name": "Semaine 1",
        "course_id": "fa921aee-9718-471d-9641-78e59d5b7100",
        "class": "1TST2S2"
      },
      {
        "id": "fc30251f-2f2e-42e6-bb27-374b0285b02a",
        "professor": "M Turcan",
        "start_time": "09:00",
        "end_time": "10:00",
        "duration_hours": 1.0,
        "course_type": "Cours",
        "nb_students": "25",
        "assigned_room": null,
        "day": "Mercredi",
        "raw_time_slot": "9h-10h",
        "week_name": "Semaine 1",
        "course_id": "fc30251f-2f2e-42e6-bb27-374b0285b02a",
        "class": "1TST2S1"
      },
      {
        "id": "5f9bbf1f-e349-4bf2-8d2f-20d818533c6b",
        "professor": "M Clement",
        "start_time": "10:00",
        "end_time": "12:00",
        "duration_hours": 2.0,
        "course_type": "Cours",
        "nb_students": "25",
        "assigned_room": null,
        "day": "Mercredi",
        "raw_time_slot": "10h-12h",
        "week_name": "Semaine 1",
        "course_id": "5f9bbf1f-e349-4bf2-8d2f-20d818533c6b",
        "class": "2.2"
      },
      {
        "id": "d66906c6-042d-46b7-8908-80d3828c290f",
        "professor": "Mme Navarro",
        "start_time": "08:00",
        "end_time": "10:00",
        "duration_hours": 2.0,
        "course_type": "Cours",
        "nb_students": "25",
        "assigned_room": null,
        "day": "Mercredi",
        "raw_time_slot": "8h-10h",
        "week_name": "Semaine 1",
        "course_id": "d66906c6-042d-46b7-8908-80d3828c290f",
        "class": "2.10"
      },
      {
        "id": "026d3918-4b49-4429-b92f-4f3870a67ebb",
        "professor": "M Roba SNT",
        "start_time": "10:00",
        "end_time": "12:00",
        "duration_hours": 2.0,
        "course_type": "Cours",
        "nb_students": "25",
        "assigned_room": null,
        "day": "Mercredi",
        "raw_time_slot": "10h-12h",
        "week_name": "Semaine 1",
        "course_id": "026d3918-4b49-4429-b92f-4f3870a67ebb",
        "class": "2.8"
      },
      {
        "id": "08ec1bbc-85a6-4baa-a003-65546c13e623",
        "professor": "Mme Casenove",
        "start_time": "08:00",
        "end_time": "10:00",
        "duration_hours": 2.0,
        "course_type": "Cours",
        "nb_students": "25",
        "assigned_room": null,
        "day": "Mercredi",
        "raw_time_slot": "8h-10h",
        "week_name": "Semaine 1",
        "course_id": "08ec1bbc-85a6-4baa-a003-65546c13e623",
        "class": "2.11"
      },
      {
        "id": "de96922e-858b-420d-b97a-134828884679",
        "professor": "M Turcan",
        "start_time": "10:00",
        "end_time": "12:00",
        "duration_hours": 2.0,
        "course_type": "Cours",
        "nb_students": "25",
        "assigned_room": null,
        "day": "Mercredi",
        "raw_time_slot": "10h-12h",
        "week_name": "Semaine 1",
        "course_id": "de96922e-858b-420d-b97a-134828884679",
        "class": "TTST2S2"
      },
      {
        "id": "05f7af87-c90d-45a1-942a-86df2bf6a9c0",
        "professor": "M Sanchez",
        "start_time": "08:00",
        "end_time": "10:00",
        "duration_hours": 2.0,
        "course_type": "Cours",
        "nb_students": "25",
        "assigned_room": null,
        "day": "Mercredi",
        "raw_time_slot": "8h-10h",
        "week_name": "Semaine 1",
        "course_id": "05f7af87-c90d-45a1-942a-86df2bf6a9c0",
        "class": "2.11"
      },
      {
        "id": "dcdc8653-b982-4baa-809a-3796e20ada2e",
        "professor": "Mme Roglet",
        "start_time": "09:00",
        "end_time": "11:00",
        "duration_hours": 2.0,
        "course_type": "Cours",
        "nb_students": "25",
        "assigned_room": "306",
        "day": "Mercredi",
        "raw_time_slot": "9h-11h",
        "week_name": "Semaine 1",
        "course_id": "dcdc8653-b982-4baa-809a-3796e20ada2e",
        "class": "BST1"
      },
      {
        "id": "23ca6ff6-d6fd-4a2f-83e9-712e460d0e91",
        "professor": "M Moya",
        "start_time": "08:00",
        "end_time": "10:00",
        "duration_hours": 2.0,
        "course_type": "Cours",
        "nb_students": "25",
        "assigned_room": "302",
        "day": "Mercredi",
        "raw_time_slot": "8h-10h",
        "week_name": "Semaine 1",
        "course_id": "23ca6ff6-d6fd-4a2f-83e9-712e460d0e91",
        "class": "1STL"
      },
      {
        "id": "a4ec1ff1-4300-4c28-b6d7-2482e63baf50",
        "professor": "Mme Martin",
        "start_time": "08:00",
        "end_time": "10:00",
        "duration_hours": 2.0,
        "course_type": "Cours",
        "nb_students": "25",
        "assigned_room": "305",
        "day": "Mercredi",
        "raw_time_slot": "8h-10h",
        "week_name": "Semaine 1",
        "course_id": "a4ec1ff1-4300-4c28-b6d7-2482e63baf50",
        "class": "1STL"
      }
    ],
    "Jeudi": [
      {
        "id": "7a190507-e9a3-4ef0-9297-a2d94dd07c56",
        "professor": "Mme Duverniex",
        "start_time": "08:00",
        "end_time": "09:00",
        "duration_hours": 1.0,
        "course_type": "Cours",
        "nb_students": "25",
        "assigned_room": null,
        "day": "Jeudi",
        "raw_time_slot": "8h-9h",
        "week_name": "Semaine 1",
        "course_id": "7a190507-e9a3-4ef0-9297-a2d94dd07c56",
        "class": "TG4"
      },
      {
        "id": "33b0096f-c002-484c-bbc7-c9c802c52639",
        "professor": "M Grand",
        "start_time": "09:00",
        "end_time": "11:00",
        "duration_hours": 2.0,
        "course_type": "Cours",
        "nb_students": "25",
        "assigned_room": null,
        "day": "Jeudi",
        "raw_time_slot": "9h-11h",
        "week_name": "Semaine 1",
        "course_id": "33b0096f-c002-484c-bbc7-c9c802c52639",
        "class": "2.9"
      },
      {
        "id": "0b7f67da-6099-49f2-889c-e512f26f9e4d",
        "professor": "M Moya",
        "start_time": "08:00",
        "end_time": "11:00",
        "duration_hours": 3.0,
        "course_type": "Cours",
        "nb_students": "25",
        "assigned_room": null,
        "day": "Jeudi",
        "raw_time_slot": "8h-11h",
        "week_name": "Semaine 1",
        "course_id": "0b7f67da-6099-49f2-889c-e512f26f9e4d",
        "class": "302"
      },
      {
        "id": "0a777199-593f-4800-9aa7-3a62f066d4eb",
        "professor": "Mme Hellouvry",
        "start_time": "10:00",
        "end_time": "12:00",
        "duration_hours": 2.0,
        "course_type": "Cours",
        "nb_students": "25",
        "assigned_room": null,
        "day": "Jeudi",
        "raw_time_slot": "10h-12h",
        "week_name": "Semaine 1",
        "course_id": "0a777199-593f-4800-9aa7-3a62f066d4eb",
        "class": "TTST2S1"
      },
      {
        "id": "32651c29-c19e-4ce0-ac35-6a8d0bef6b72",
        "professor": "Mme Duffaud SNT",
        "start_time": "13:00",
        "end_time": "15:00",
        "duration_hours": 2.0,
        "course_type": "Cours",
        "nb_students": "25",
        "assigned_room": null,
        "day": "Jeudi",
        "raw_time_slot": "13H-15h",
        "week_name": "Semaine 1",
        "course_id": "32651c29-c19e-4ce0-ac35-6a8d0bef6b72",
        "class": "2.7"
      },
      {
        "id": "f4fb3e1f-8811-464e-8ef6-49573ead9069",
        "professor": "M Moya",
        "start_time": "13:00",
        "end_time": "16:00",
        "duration_hours": 3.0,
        "course_type": "Cours",
        "nb_students": "25",
        "assigned_room": null,
        "day": "Jeudi",
        "raw_time_slot": "13h-16h",
        "week_name": "Semaine 1",
        "course_id": "f4fb3e1f-8811-464e-8ef6-49573ead9069",
        "class": "302"
      },
      {
        "id": "e9658c8e-5b24-4720-892e-d818c04f75f4",
        "professor": "Mme Hellouvry",
        "start_time": "15:00",
        "end_time": "16:00",
        "duration_hours": 1.0,
        "course_type": "Cours",
        "nb_students": "25",
        "assigned_room": null,
        "day": "Jeudi",
        "raw_time_slot": "15h-16h",
        "week_name": "Semaine 1",
        "course_id": "e9658c8e-5b24-4720-892e-d818c04f75f4",
        "class": "1TST2S2"
      },
      {
        "id": "ced13ad2-c582-4748-bedd-67ff0b11b6e8",
        "professor": "Mme Hellouvry",
        "start_time": "08:00",
        "end_time": "09:00",
        "duration_hours": 1.0,
        "course_type": "Cours",
        "nb_students": "25",
        "assigned_room": null,
        "day": "Jeudi",
        "raw_time_slot": "8h-9h",
        "week_name": "Semaine 1",
        "course_id": "ced13ad2-c582-4748-bedd-67ff0b11b6e8",
        "class": "TG5"
      },
      {
        "id": "81b8874a-8f60-4221-b645-c189a27aba34",
        "professor": "Mme Dewailly",
        "start_time": "09:00",
        "end_time": "11:00",
        "duration_hours": 2.0,
        "course_type": "Cours",
        "nb_students": "25",
        "assigned_room": null,
        "day": "Jeudi",
        "raw_time_slot": "9h-11h",
        "week_name": "Semaine 1",
        "course_id": "81b8874a-8f60-4221-b645-c189a27aba34",
        "class": "2.9"
      },
      {
        "id": "ee7f62e1-e704-4d29-86a5-a067fc42804a",
        "professor": "Mme Roglet",
        "start_time": "08:00",
        "end_time": "11:00",
        "duration_hours": 3.0,
        "course_type": "Cours",
        "nb_students": "25",
        "assigned_room": null,
        "day": "Jeudi",
        "raw_time_slot": "8h-11h",
        "week_name": "Semaine 1",
        "course_id": "ee7f62e1-e704-4d29-86a5-a067fc42804a",
        "class": "306"
      },
      {
        "id": "32b894a0-d627-4034-a27c-1e9365490e85",
        "professor": "M Masse",
        "start_time": "10:00",
        "end_time": "12:00",
        "duration_hours": 2.0,
        "course_type": "Cours",
        "nb_students": "25",
        "assigned_room": null,
        "day": "Jeudi",
        "raw_time_slot": "10h-12h",
        "week_name": "Semaine 1",
        "course_id": "32b894a0-d627-4034-a27c-1e9365490e85",
        "class": "1G3"
      },
      {
        "id": "acf20cb6-50f5-4515-a4b2-97c2abfa4b5a",
        "professor": "M Gau SNT",
        "start_time": "13:00",
        "end_time": "15:00",
        "duration_hours": 2.0,
        "course_type": "Cours",
        "nb_students": "25",
        "assigned_room": null,
        "day": "Jeudi",
        "raw_time_slot": "13H-15h",
        "week_name": "Semaine 1",
        "course_id": "acf20cb6-50f5-4515-a4b2-97c2abfa4b5a",
        "class": "2.1"
      },
      {
        "id": "ff63ab2f-7196-4df9-a72c-c24c50b02840",
        "professor": "Mme Roglet",
        "start_time": "13:00",
        "end_time": "16:00",
        "duration_hours": 3.0,
        "course_type": "Cours",
        "nb_students": "25",
        "assigned_room": null,
        "day": "Jeudi",
        "raw_time_slot": "13h-16h",
        "week_name": "Semaine 1",
        "course_id": "ff63ab2f-7196-4df9-a72c-c24c50b02840",
        "class": "306"
      },
      {
        "id": "4ec45861-1622-4f4a-a246-1e300c201dba",
        "professor": "Mme Louvet",
        "start_time": "09:00",
        "end_time": "11:00",
        "duration_hours": 2.0,
        "course_type": "Cours",
        "nb_students": "25",
        "assigned_room": null,
        "day": "Jeudi",
        "raw_time_slot": "9h-11h",
        "week_name": "Semaine 1",
        "course_id": "4ec45861-1622-4f4a-a246-1e300c201dba",
        "class": "2.13"
      },
      {
        "id": "44c42d8e-0f80-4535-8a8a-e02a064925f3",
        "professor": "Mme Roldan",
        "start_time": "10:00",
        "end_time": "12:00",
        "duration_hours": 2.0,
        "course_type": "Cours",
        "nb_students": "25",
        "assigned_room": null,
        "day": "Jeudi",
        "raw_time_slot": "10h-12h",
        "week_name": "Semaine 1",
        "course_id": "44c42d8e-0f80-4535-8a8a-e02a064925f3",
        "class": "1G2"
      },
      {
        "id": "8c38040a-8bee-40ac-8b53-6adc038f0739",
        "professor": "M Grand",
        "start_time": "13:00",
        "end_time": "15:00",
        "duration_hours": 2.0,
        "course_type": "Cours",
        "nb_students": "25",
        "assigned_room": null,
        "day": "Jeudi",
        "raw_time_slot": "13H-15h",
        "week_name": "Semaine 1",
        "course_id": "8c38040a-8bee-40ac-8b53-6adc038f0739",
        "class": "TG6"
      },
      {
        "id": "540cb83f-3f0b-4c6a-9b05-8f1c1bac416f",
        "professor": "M Tripier",
        "start_time": "09:00",
        "end_time": "11:00",
        "duration_hours": 2.0,
        "course_type": "Cours",
        "nb_students": "25",
        "assigned_room": null,
        "day": "Jeudi",
        "raw_time_slot": "9h-11h",
        "week_name": "Semaine 1",
        "course_id": "540cb83f-3f0b-4c6a-9b05-8f1c1bac416f",
        "class": "2.13"
      },
      {
        "id": "c2519890-4713-4e5c-989e-05b0e19d56e2",
        "professor": "Mme Hellouvry",
        "start_time": "13:00",
        "end_time": "15:00",
        "duration_hours": 2.0,
        "course_type": "Cours",
        "nb_students": "25",
        "assigned_room": null,
        "day": "Jeudi",
        "raw_time_slot": "13H-15h",
        "week_name": "Semaine 1",
        "course_id": "c2519890-4713-4e5c-989e-05b0e19d56e2",
        "class": "1G1"
      },
      {
        "id": "5943ff43-cd33-420a-877a-57e934814399",
        "professor": "Mme Casenove",
        "start_time": "09:00",
        "end_time": "11:00",
        "duration_hours": 2.0,
        "course_type": "Cours",
        "nb_students": "25",
        "assigned_room": null,
        "day": "Jeudi",
        "raw_time_slot": "9h-11h",
        "week_name": "Semaine 1",
        "course_id": "5943ff43-cd33-420a-877a-57e934814399",
        "class": "2.12"
      },
      {
        "id": "11683124-1bc8-4e0c-9268-af7102f3e2fd",
        "professor": "Mme Duverniex",
        "start_time": "09:00",
        "end_time": "11:00",
        "duration_hours": 2.0,
        "course_type": "Cours",
        "nb_students": "25",
        "assigned_room": null,
        "day": "Jeudi",
        "raw_time_slot": "9h-11h",
        "week_name": "Semaine 1",
        "course_id": "11683124-1bc8-4e0c-9268-af7102f3e2fd",
        "class": "2.12"
      },
      {
        "id": "e4d103f1-ebbe-42d3-a8bb-cc467d9cd8e5",
        "professor": "M Sanchez",
        "start_time": "09:00",
        "end_time": "11:00",
        "duration_hours": 2.0,
        "course_type": "Cours",
        "nb_students": "25",
        "assigned_room": null,
        "day": "Jeudi",
        "raw_time_slot": "9h-11h",
        "week_name": "Semaine 1",
        "course_id": "e4d103f1-ebbe-42d3-a8bb-cc467d9cd8e5",
        "class": "2.3"
      },
      {
        "id": "6ab93b34-cc91-4a33-adbe-015dd96b2714",
        "professor": "Mme Navarro",
        "start_time": "09:00",
        "end_time": "11:00",
        "duration_hours": 2.0,
        "course_type": "Cours",
        "nb_students": "25",
        "assigned_room": null,
        "day": "Jeudi",
        "raw_time_slot": "9h-11h",
        "week_name": "Semaine 1",
        "course_id": "6ab93b34-cc91-4a33-adbe-015dd96b2714",
        "class": "2.3"
      }
    ],
    "Vendredi": [
      {
        "id": "de8cbf15-0b1f-4af3-92a5-f6776121f95d",
        "professor": "M Tripier",
        "start_time": "08:00",
        "end_time": "09:00",
        "duration_hours": 1.0,
        "course_type": "Cours",
        "nb_students": "25",
        "assigned_room": null,
        "day": "Vendredi",
        "raw_time_slot": "8h-9h",
        "week_name": "Semaine 1",
        "course_id": "de8cbf15-0b1f-4af3-92a5-f6776121f95d",
        "class": "TG7"
      },
      {
        "id": "8e2fbbf8-d7f0-49e1-b607-a422932e3b4a",
        "professor": "M Grand",
        "start_time": "09:00",
        "end_time": "11:00",
        "duration_hours": 2.0,
        "course_type": "Cours",
        "nb_students": "25",
        "assigned_room": null,
        "day": "Vendredi",
        "raw_time_slot": "9h-11h",
        "week_name": "Semaine 1",
        "course_id": "8e2fbbf8-d7f0-49e1-b607-a422932e3b4a",
        "class": "2.7"
      },
      {
        "id": "a5dac383-9b5f-47dd-9862-e45b422c9d3b",
        "professor": "Mme Louvet",
        "start_time": "08:00",
        "end_time": "10:00",
        "duration_hours": 2.0,
        "course_type": "Cours",
        "nb_students": "25",
        "assigned_room": null,
        "day": "Vendredi",
        "raw_time_slot": "8h-10h",
        "week_name": "Semaine 1",
        "course_id": "a5dac383-9b5f-47dd-9862-e45b422c9d3b",
        "class": "TT2S1"
      },
      {
        "id": "2e12062b-bf5f-4b85-b49f-f65385b3d6d6",
        "professor": "Mme Hellouvry",
        "start_time": "10:00",
        "end_time": "12:00",
        "duration_hours": 2.0,
        "course_type": "Cours",
        "nb_students": "25",
        "assigned_room": null,
        "day": "Vendredi",
        "raw_time_slot": "10h-12h",
        "week_name": "Semaine 1",
        "course_id": "2e12062b-bf5f-4b85-b49f-f65385b3d6d6",
        "class": "1TST2S2"
      },
      {
        "id": "1955f375-23c6-4924-aa50-5abd476ea4b5",
        "professor": "Mme Hellouvry",
        "start_time": "09:00",
        "end_time": "10:00",
        "duration_hours": 1.0,
        "course_type": "Cours",
        "nb_students": "25",
        "assigned_room": null,
        "day": "Vendredi",
        "raw_time_slot": "9h-10h",
        "week_name": "Semaine 1",
        "course_id": "1955f375-23c6-4924-aa50-5abd476ea4b5",
        "class": "TG3"
      },
      {
        "id": "e678e34e-9afa-418c-863f-9cb23a1782fb",
        "professor": "M Chemet snt",
        "start_time": "15:00",
        "end_time": "17:00",
        "duration_hours": 2.0,
        "course_type": "Cours",
        "nb_students": "25",
        "assigned_room": null,
        "day": "Vendredi",
        "raw_time_slot": "15h-17h",
        "week_name": "Semaine 1",
        "course_id": "e678e34e-9afa-418c-863f-9cb23a1782fb",
        "class": "2.13"
      },
      {
        "id": "71ebab3a-1b0d-4323-8c9a-9e4fdebe35b1",
        "professor": "M Grand",
        "start_time": "13:00",
        "end_time": "16:00",
        "duration_hours": 3.0,
        "course_type": "Cours",
        "nb_students": "25",
        "assigned_room": null,
        "day": "Vendredi",
        "raw_time_slot": "13h-16h",
        "week_name": "Semaine 1",
        "course_id": "71ebab3a-1b0d-4323-8c9a-9e4fdebe35b1",
        "class": "2.4"
      },
      {
        "id": "8886e80e-f5c8-4e0b-aab7-03a94c588efe",
        "professor": "M Tripier",
        "start_time": "09:00",
        "end_time": "11:00",
        "duration_hours": 2.0,
        "course_type": "Cours",
        "nb_students": "25",
        "assigned_room": null,
        "day": "Vendredi",
        "raw_time_slot": "9h-11h",
        "week_name": "Semaine 1",
        "course_id": "8886e80e-f5c8-4e0b-aab7-03a94c588efe",
        "class": "2.7"
      },
      {
        "id": "d1a10322-ff39-4cbd-82dd-b7d46f48d283",
        "professor": "Mme Duffaud SNT",
        "start_time": "10:00",
        "end_time": "12:00",
        "duration_hours": 2.0,
        "course_type": "Cours",
        "nb_students": "25",
        "assigned_room": null,
        "day": "Vendredi",
        "raw_time_slot": "10h-12h",
        "week_name": "Semaine 1",
        "course_id": "d1a10322-ff39-4cbd-82dd-b7d46f48d283",
        "class": "2.3"
      },
      {
        "id": "cbdc3195-00e5-45b6-80a5-b5faa0d7e882",
        "professor": "M Radonde",
        "start_time": "13:00",
        "end_time": "15:00",
        "duration_hours": 2.0,
        "course_type": "Cours",
        "nb_students": "25",
        "assigned_room": null,
        "day": "Vendredi",
        "raw_time_slot": "13h-15h",
        "week_name": "Semaine 1",
        "course_id": "cbdc3195-00e5-45b6-80a5-b5faa0d7e882",
        "class": "TG7"
      },
      {
        "id": "edd60ae7-a549-4d47-ba00-07a322666c62",
        "professor": "M Sanchez",
        "start_time": "13:00",
        "end_time": "16:00",
        "duration_hours": 3.0,
        "course_type": "Cours",
        "nb_students": "25",
        "assigned_room": null,
        "day": "Vendredi",
        "raw_time_slot": "13h-16h",
        "week_name": "Semaine 1",
        "course_id": "edd60ae7-a549-4d47-ba00-07a322666c62",
        "class": "2.4"
      },
      {
        "id": "87f00aa7-26f8-497a-80b3-0bb6f25e5509",
        "professor": "M Bogaert",
        "start_time": "09:00",
        "end_time": "11:00",
        "duration_hours": 2.0,
        "course_type": "SEMAINE B - Cours",
        "nb_students": "25",
        "assigned_room": null,
        "day": "Vendredi",
        "raw_time_slot": "9h-11h",
        "week_name": "Semaine 1",
        "course_id": "87f00aa7-26f8-497a-80b3-0bb6f25e5509",
        "class": "2.11"
      },
      {
        "id": "be90e25b-0882-4842-8be1-b4b933ba4c7b",
        "professor": "Mme Roglet",
        "start_time": "13:00",
        "end_time": "15:00",
        "duration_hours": 2.0,
        "course_type": "Cours",
        "nb_students": "25",
        "assigned_room": "306",
        "day": "Vendredi",
        "raw_time_slot": "13h-15h",
        "week_name": "Semaine 1",
        "course_id": "be90e25b-0882-4842-8be1-b4b933ba4c7b",
        "class": "BST1"
      },
      {
        "id": "5d70c0ae-cdb6-4ecf-a895-6d43dee831b3",
        "professor": "Mme Dewailly",
        "start_time": "09:00",
        "end_time": "11:00",
        "duration_hours": 2.0,
        "course_type": "Cours",
        "nb_students": "25",
        "assigned_room": null,
        "day": "Vendredi",
        "raw_time_slot": "9h-11h",
        "week_name": "Semaine 1",
        "course_id": "5d70c0ae-cdb6-4ecf-a895-6d43dee831b3",
        "class": "2.11"
      },
      {
        "id": "67ff1cd8-8b09-4dec-ad8c-8679a128849e",
        "professor": "Mme Casenove",
        "start_time": "09:00",
        "end_time": "11:00",
        "duration_hours": 2.0,
        "course_type": "Cours",
        "nb_students": "25",
        "assigned_room": null,
        "day": "Vendredi",
        "raw_time_slot": "9h-11h",
        "week_name": "Semaine 1",
        "course_id": "67ff1cd8-8b09-4dec-ad8c-8679a128849e",
        "class": "2.2"
      },
      {
        "id": "540d4504-2294-419b-bda7-0395091dde7d",
        "professor": "M Sanchez",
        "start_time": "09:00",
        "end_time": "11:00",
        "duration_hours": 2.0,
        "course_type": "Cours",
        "nb_students": "25",
        "assigned_room": null,
        "day": "Vendredi",
        "raw_time_slot": "9h-11h",
        "week_name": "Semaine 1",
        "course_id": "540d4504-2294-419b-bda7-0395091dde7d",
        "class": "2.2"
      },
      {
        "id": "9ab41941-8ca7-4c14-a8b5-b81d7079a898",
        "professor": "Mme Roglet",
        "start_time": "09:00",
        "end_time": "11:00",
        "duration_hours": 2.0,
        "course_type": "Cours",
        "nb_students": "25",
        "assigned_room": null,
        "day": "Vendredi",
        "raw_time_slot": "9h-11h",
        "week_name": "Semaine 1",
        "course_id": "9ab41941-8ca7-4c14-a8b5-b81d7079a898",
        "class": "306"
      },
      {
        "id": "barascud_Vendredi_08:00-09:00",
        "professor": "Mme Barascud",
        "start_time": "08:00",
        "end_time": "09:00",
        "duration_hours": 1.0,
        "course_type": "Cours",
        "nb_students": "25",
        "assigned_room": "305",
        "day": "Vendredi",
        "raw_time_slot": "08:00-09:00",
        "week_name": "Semaine 1",
        "course_id": "barascud_Vendredi_08:00-09:00",
        "class": "BTS12"
      },
      {
        "id": "barascud_Vendredi_13:00-15:00",
        "professor": "Mme Barascud",
        "start_time": "13:00",
        "end_time": "15:00",
        "duration_hours": 2.0,
        "course_type": "Cours",
        "nb_students": "25",
        "assigned_room": "305",
        "day": "Vendredi",
        "raw_time_slot": "13:00-15:00",
        "week_name": "Semaine 1",
        "course_id": "barascud_Vendredi_13:00-15:00",
        "class": "BTS12"
      }
    ]
  }
}