{
  "M Bogaert": "a85ae1aa",
  "M Chemet snt": "844d0979",
  "M Gau SNT": "d06595b9",
  "M Grand": "3e61a493",
  "M Landelle": "02a3ce8a",
  "M Masse": "6c3bcd89",
  "M Moya": "04dbe255",
  "M Radonde": "77600140",
  "M Sanchez": "e19fd8a0",
  "M Sourioux SNT": "4faf177b",
  "M Tripier": "2be97cf9",
  "M Turcan": "92a5617a",
  "Mme Barascud": "f3f9d6d5",
  "Mme Casenove": "5aa6361e",
  "Mme Dewailly": "8406d6d0",
  "Mme Duffaud SNT": "5dc28fe9",
  "Mme Duverniex": "1eea056e",
  "Mme Hellouvry": "83e9ffa5",
  "Mme Kaminski": "4a9d03cc",
  "Mme Louvet": "6a807f80",
  "Mme Martin": "5a62325e",
  "Mme Navarro": "04ad3589",
  "Mme Roglet": "93d5eb55",
  "Mme Roldan": "fd9c1351",
  "M Lore": "dde05607",
  "Mme THOMAS": "3bfa43d4",
  "Thomas": "2042101a",
  "Test Professeur": "1ae2bf4c",
  "Prof Test ID": "a7102433",
  "M Roba": "bd109391"
}