{
  "course_ae1b5bbddf10b844": "1",
  "course_0fd9160aa81eb649": "2",
  "course_b204ad35bd85adf7": "1",
  "course_8b984d9fcdde204b": "3",
  "course_83776559c9d85e83": "2",
  "course_19f0c3fb1c9f244f": "5",
  "course_58e56b6774dba570": "3",
  "course_25c31226280584fd": "5",
  "course_839b1c79f5ff4961": "1",
  "course_b88bc4263046e38d": "3",
  "course_c9f8d0c640d241dc": "7",
  "course_9eac70b4f12d11c7": "1",
  "course_604abeb8ef6377c9": "19",
  "course_275586d31c4aa3c9": "3",
  "course_329ae2437b3ef68c": "3",
  "course_96e9a676e3da6ec0": "12",
  "course_086bb04d8d933371": "15",
  "course_fffd58a23a9a976a": "6",
  "course_ea8f3b518bfd687e": "12",
  "course_a0e62cfb8f9a1f25": "5",
  "course_4d5e5c8e62c4121c": "7",
  "course_34d8d9499b2e6dcd": "8",
  "course_907efb9a29fa119a": "13",
  "course_7f2ef5be3b0ed6ca": "3",
  "course_b429d993e09d8441": "13",
  "course_afd19de4418c6207": "8",
  "course_198952c8f2b8e132": "14",
  "course_54a61693804266a7": "5",
  "course_3254f15dd3d8e580": "11",
  "course_57cded8463073336": "6",
  "course_a87346ea4f79ce19": "1",
  "course_a3838c18773277a5": "12",
  "course_8ba6046736566082": "9",
  "course_a75984148191c389": "10",
  "course_824a951f1e6203b0": "19",
  "course_2c55078ae5e0ebe9": "16",
  "course_70877facb93d86ff": "3",
  "course_fb7e06a3c92d7e28": "8",
  "course_9472bfa0796cf790": "3",
  "course_3fc35d01fb2d2f02": "5",
  "course_73475f6068cc8008": "6",
  "course_3935d6e20544c402": "4",
  "course_fd9e65eaae1b9a42": "12",
  "course_49a26cadd3c38e35": "1",
  "course_cacc4ddc3dc3cf88": "7",
  "course_a4b196d3a24ae39e": "20",
  "course_db8c95c4118b4aac": "19",
  "course_d1f5a9f49731e2d3": "10",
  "course_6e71cac32dffa922": "9",
  "course_d08f78fcc513a7f2": "11",
  "course_1969a1d633e64d6e": "6",
  "course_8858d27e2adfc0f4": "20",
  "course_3e26ac2aaee9b132": "9",
  "course_2bfe64cd31482534": "16",
  "course_b39ea25b18db118a": "13",
  "course_08e125dda17c66dc": "12",
  "course_57961d403f325aca": "16",
  "course_c40e793d0255ed80": "3",
  "course_2bc3330faa7859a8": "8",
  "course_a1cc3af24568e376": "12",
  "course_779bed0bbae62ad2": "6",
  "course_015217c2d93105b8": "7",
  "course_0df0a924786d3eef": "20",
  "course_750f6ab635071a2a": "4",
  "course_2e44592d6f3315b6": "10",
  "course_20b2ab9c28250798": "5",
  "course_2662694f0ca0a0f7": "14",
  "course_77953baf65c1e0cf": "21",
  "course_4f4d3ea1477bcf41": "6",
  "course_d55c20ff3e06e99d": "15",
  "course_49f32268d5792322": "8",
  "course_ce3eb4b26964ba69": "12",
  "course_d9edaa4ca571ad7f": "6",
  "course_ef6d2d10a43fd90c": "3",
  "course_595f3d8995ccda07": "12",
  "course_697d9addd63c4760": "16",
  "course_1eef836a9cc0f081": "13",
  "course_e88533a7240b2d24": "10",
  "course_57c3e6da28916d0f": "9",
  "course_0191fc7f7c8e164b": "20",
  "course_12fb4e024f6028ae": "4",
  "course_0146f4b574db0378": "8",
  "course_30178f49f2de4d02": "11",
  "course_a149bb4858486257": "10",
  "course_730c0c70819f0720": "5",
  "course_fd33da201b165633": "9",
  "course_5d8f9fb319fd760c": "8",
  "course_79d64d128afe8295": "19",
  "course_ad78536239d814e2": "15",
  "course_841c168beb974d20": "20",
  "course_458bd526cb5529b2": "8",
  "course_9c902458bd1c68c3": "1",
  "course_697740435b2b395b": "3",
  "course_329210dea56f4a82": "5",
  "course_2b335452082fb42b": "5",
  "course_f40e175f2d560c36": "7",
  "course_165fae4d12027328": "12",
  "course_83ede8adb54062d2": "9",
  "course_ad007039827d5aeb": "10",
  "course_5f6f71229384f150": "6",
  "course_ecc63897e5fc409c": "10",
  "course_7a100af3e535408f": "13",
  "course_2b2b39a90041e9c0": "8",
  "course_f53d76c4837647cf": "16",
  "course_e8c4ca3f4f7bfd23": "3",
  "course_fe3acf3c373b001f": "10",
  "course_690e5bd79c00bac3": "11",
  "course_7441cc8c3004e446": "4",
  "course_41a7d2f93e6317df": "13",
  "course_c70679f054f6b647": "8",
  "course_99cb6a3914be8d9d": "7",
  "course_ffbeaca5575c46d5": "9",
  "course_b493198e299851f1": "12",
  "course_fb6356ae66a6ecf7": "12",
  "course_d3f9662ac98dde95": "5",
  "course_bb1a1229a018223d": "6",
  "course_cde6600e07704c0d": "19",
  "course_e049de01c720caa3": "20",
  "course_8861327569ff25da": "11",
  "course_2be1450bc89116bc": "13",
  "course_01b99f52fc31b32d": "10",
  "course_d0f4c91de09afbae": "8",
  "course_f5cbb97c9f12bdb9": "16",
  "course_658afde1657441a5": "6",
  "course_e4770de5ffce9f38": "12",
  "course_58ee0f6b4de3f53c": "1",
  "course_8ee0cc1770face34": "3",
  "course_1771c2d8d858b515": "4",
  "course_57dc0878b89e037f": "7",
  "course_24509dc57c2428c3": "5",
  "course_d94be72f80134000": "20",
  "course_c380bb3c7055a2ad": "12",
  "course_fe04cbf22086a691": "9",
  "course_e62dc1827ac0b252": "5",
  "course_75ac9590886ef702": "11",
  "course_06201af55621ff92": "16",
  "course_e1eece6f3eda8ffa": "8",
  "course_5508bed76f5a8667": "11",
  "course_235fc726281678f0": "10",
  "course_5023255167fdee8a": "9",
  "course_e18a8cc15ab84cf8": "19",
  "course_1c60ce9d0b782344": "4",
  "course_25ff8498edbf6df5": "20",
  "course_da23381a63e336e4": "20",
  "course_932dd4893deb808b": "15",
  "course_62d06b6effd0c78d": "5",
  "course_76806c3ea051f394": "13",
  "course_bcf02b0559cab277": "13",
  "course_20b5699929a26b06": "10",
  "course_612d7dfac2344fda": "14",
  "course_32e5778b9ce8ba70": "16",
  "course_77c4fa240a70ebd2": "11",
  "course_903175315226759f": "6",
  "course_b40e4acaec412e67": "5",
  "course_480c0921d1565741": "7",
  "course_84c751b2fc82a03d": "15",
  "course_1c1efdaae5b66255": "20",
  "course_ae5540a89eb57bc9": "16",
  "course_e0975d010d1b0eea": "8",
  "course_2350c12ea0e4cb15": "9",
  "course_d18eb090dc5dad98": "13",
  "course_34dea7aa59b50873": "19",
  "course_aa8324f6a6dc037c": "3",
  "course_7ef1eaca6250a2e8": "15",
  "course_fb739efc5103bdd3": "4",
  "course_2227012b8b6f1ffd": "6",
  "course_681063d83acde066": "8",
  "course_174b020ee8add22d": "12",
  "course_d35092aa6acf77c1": "8",
  "course_1e362ea82d308ff5": "1",
  "course_00f4c3a7b323ae6c": "12",
  "course_ae8edf5dffc8a388": "16",
  "course_6269aba3e42c42b8": "15",
  "course_be6a4abbd3c9c91b": "20",
  "course_9eed679586b6eab8": "3",
  "course_ef116774572db5c1": "14",
  "course_050ccdbe0a170ce8": "3",
  "course_e41d05ebb120b4b2": "10",
  "course_8766db919f049d89": "4",
  "course_3021e6046d67b1c1": "13",
  "course_518eadd71354acd4": "9",
  "course_1262c9f2f84b4ab7": "5",
  "course_8c71ccadc600a431": "4",
  "course_ca03cb7d4786a676": "20",
  "course_c88a63e3a4214919": "16",
  "course_1492da20b8f7e285": "6",
  "course_8a9d707f0ae669cd": "11",
  "course_e0c955e8e9f6ce04": "8",
  "course_4fcbd507c7d8e408": "12",
  "course_e55d567617762fae": "12",
  "course_4dd6acccb05c820b": "13",
  "course_ca7d3d34c1ff52f5": "10",
  "course_5824f98114c6b403": "8",
  "course_09c10cc83ab04fdd": "16",
  "course_d7e335a5cd50d54f": "9",
  "course_b632c3e92c50551f": "12",
  "course_bad3c94d5a4eb2ed": "6",
  "course_dba2f69c021a8fc8": "3",
  "course_8c85ca18e0260b70": "4",
  "course_77d408c94ebe6219": "20",
  "course_bb7ceb258d847eb0": "5",
  "course_08aba862bccb8953": "1",
  "course_de3a3b005ad89680": "12",
  "course_e15e68bd5129a937": "4",
  "course_55f994df51fd4fc9": "5",
  "course_2221008998c3d72f": "6",
  "course_8f6e9774a70c6ea6": "8",
  "course_66bc1cb93c8be206": "16",
  "course_c527ae5937df5aec": "13",
  "course_7fc3e7e22e82e672": "12",
  "course_63612df4f9603eed": "4",
  "course_c04c6f5283c148c8": "19",
  "course_e80db164901e703d": "9",
  "course_09f55c5b1a7a69aa": "3",
  "course_f5f81f1132266a61": "5",
  "course_bdb72d7328a0a516": "4",
  "course_549cec6ba342802c": "20",
  "course_ec974c4bb96e900b": "1",
  "course_1d9429626ccb1265": "7",
  "course_20e301465d6e7493": "6",
  "course_d2d4b8f6585c1ce2": "15",
  "course_af042a1575085053": "6",
  "course_81a80506992ee453": "11",
  "course_6a997c9330c9b086": "10",
  "course_63b3769fc15fea5e": "12",
  "course_50105bb00d865000": "20",
  "course_d4a1f22ac7ea7da0": "16",
  "course_bc987e8376721836": "1",
  "course_1d2a3d364814b426": "11",
  "course_55e8d7c1ea2bc2cd": "10",
  "course_48a0f3a43f3e8473": "12",
  "course_f33eca7103295007": "6",
  "course_528c36a91dd01962": "9",
  "course_4de7d8bc859e0aae": "20",
  "course_e8fa909a6f2397d5": "4",
  "course_dd11bfec725d028f": "7",
  "course_0777fb2e1bed7784": "10",
  "course_e5799973351f04b0": "14",
  "course_bafa7f4001238764": "5",
  "course_2a307fb1a2000da3": "15",
  "course_2ef146e3ae6e0109": "5",
  "course_78788ee94d02656d": "12",
  "course_3ef2b3014a2ea748": "6",
  "course_16c5fe8705fe39a2": "9",
  "course_fbfeafa151912b1a": "3",
  "course_a507a2ea3be57cd3": "12",
  "course_8598899fee623ee8": "16",
  "course_dc71589ba95c909c": "13",
  "course_db4d32ec90521370": "10",
  "course_018f31d0a458f064": "6",
  "course_ac82eff55ee095da": "4",
  "course_249f2b752c90b8e7": "20",
  "course_01dfa6c88e161ca4": "9",
  "course_b4ba5c3c6ebc4ec9": "11",
  "course_fecdeca18c679af1": "1",
  "course_136d4f70ce87d8c7": "6",
  "course_2ce546839f7585dc": "10",
  "course_bba0da89b97625b8": "20",
  "course_c0432ac24f7c6082": "15",
  "course_ed24219230280d28": "19",
  "course_30692d9127a6e17a": "8",
  "course_d2399e6e2732f421": "16",
  "course_b3648c5fe3f40cd9": "1",
  "course_a0561b3d27a88ae2": "10",
  "course_828a6a95ed30801d": "3",
  "course_d115012848cfa749": "8",
  "course_f97d8e2b0cb859eb": "7",
  "course_49679382a0f52700": "5",
  "course_0390002d5a26258c": "6",
  "course_4f40fab1d5ad9b35": "6",
  "course_b6faa4d4f0b2fda5": "9",
  "course_4372fce8f2011368": "12",
  "course_541bb16610437d1d": "10",
  "course_47be434055a99ec6": "4",
  "course_364644c2cd5322ce": "20",
  "course_0248e265f355d352": "19",
  "course_d30485d97895ff63": "5",
  "course_67e97c3c8de44abb": "11",
  "course_7e21483794fac287": "9",
  "course_c52fe0fe0d7f9711": "13",
  "course_582f57e09f8686a8": "14",
  "course_864c4696b6919093": "14",
  "course_93e08f257a441853": "14",
  "course_3b7ec11fecc58890": "4",
  "course_a2a998e37ed6926f": "4",
  "course_b64f9f9bcbbba44b": "9",
  "course_ab294d12e7b7a3fe": "4",
  "course_28e25fb9e9139332": "1",
  "course_01df3599c7fa217d": "4",
  "course_f81c39ed07f746a6": "9",
  "course_eb03fc00b194ff13": "1",
  "course_882d47381426dfa6": "1",
  "course_c055581d2e4eccdb": "8",
  "course_42f8c04484f73677": "16",
  "course_87ae10a265f16fd4": "19",
  "course_f6e5105d52809738": "8",
  "course_173e96fc4165b58c": "19",
  "course_33e7e072b6c4fec7": "16",
  "course_7530413e86fbebde": "13",
  "course_614e29a9a81e41cc": "13",
  "course_c1f98fc0e696c1b9": "11",
  "course_47129b3dbdd81d10": "6",
  "course_ef743d1632c0d63d": "13",
  "course_7ab133a991281c62": "16",
  "course_8ebace9ada07af11": "9",
  "course_4cdc9afa58152715": "8",
  "course_b6f38fce5247f12d": "11",
  "course_b212069cb6a917f9": "9",
  "course_85c8886a5912b1e0": "14",
  "course_34022039b2cb5f77": "13",
  "course_8c3eb1cb387ff55d": "13",
  "course_f90055ccda68ec25": "8",
  "course_6695e38e32d3e6c5": "13",
  "course_913d6fa8d4ffe6ea": "11",
  "course_23f944e0de75bb5e": "16",
  "course_0d1074c68622339e": "16",
  "course_1626c7a44d2357dc": "13",
  "course_c87aea46c56feafb": "14",
  "course_569191c01268f373": "13",
  "course_9f50b0e8d9196596": "1",
  "course_db3a9cbd05a71f7e": "8",
  "course_51ebdffa6922f810": "9",
  "course_9bec39a9abf0e0ac": "11",
  "course_05927acb1ebef01a": "13",
  "course_666ede1046a095c6": "8",
  "course_52054f2cb8041a58": "13",
  "course_74c01c032dda358b": "14",
  "course_455ed6fe69a119a6": "11",
  "course_31b6a67b6bda8ac5": "19",
  "course_c9269e0f59201ce9": "14",
  "course_ee4a1864cc2321f2": "3",
  "course_6b6864d89b5f9eae": "19",
  "course_592a076e713f6475": "8",
  "course_832b71c6db99b716": "16",
  "course_c9262f0043a4235d": "13",
  "course_a425bcff96fb0227": "11",
  "course_0fbe69ab7ddd41ad": "13",
  "course_d0a64ab571fe000e": "8",
  "course_cc4f747bb09d4914": "14",
  "course_ecf7ba06de7a2d83": "8",
  "course_3cd8967e443749e0": "4",
  "course_da4755aea80579d9": "5",
  "course_1f6f6e18c3b0e0dc": "4",
  "course_11060c1ca50e68ef": "9",
  "course_d3a6caacd60ae193": "8",
  "course_acdf90513d018268": "13",
  "course_b64a0cdb2d95354d": "10",
  "course_205f47879385f906": "19",
  "course_5baa079370b774e3": "7",
  "course_2f8f1dc1c6343fd5": "3",
  "course_9c4d96a70dd064c7": "13",
  "course_15e8d52944c28c10": "9",
  "course_22985c60a984c79b": "12",
  "course_5237d90787f08a3b": "8",
  "course_34e70e9c493566f5": "14",
  "course_8dff5397012f51f9": "10",
  "course_f7ab471e583335cf": "13",
  "course_523bc35ba2b271bf": "1",
  "course_4865fba3fe637667": "7",
  "course_65d157b989bc5cd4": "5",
  "course_e8586a01f3816743": "20",
  "course_d7f97fc16f643528": "6",
  "course_945a0f29a5d83ef7": "16",
  "course_5d42ab2212579bad": "8",
  "course_94195d770a8eca20": "11",
  "course_20e73a54d5101ea2": "9",
  "course_df963e16d8f2310f": "20",
  "course_2240c5e605495ece": "19",
  "course_d7e8646727ab22b4": "4",
  "course_44cee2f199f81b0e": "16",
  "course_e1f835bf7641fabb": "12",
  "course_8e135e0f22760241": "4",
  "course_9ce90bf6d5b8836d": "7",
  "course_17d5f4e9ca9a7d8b": "10",
  "course_a2848e7e7ccdbc74": "1",
  "course_f489f118dfbebeb8": "13",
  "course_fb9b3fde3285539d": "9",
  "course_29b66e1308966d98": "12",
  "course_e790e06fc2c72424": "13",
  "course_03df94e151b3a683": "12",
  "course_c599223e5ff49ae1": "10",
  "course_5c6cab40d5caf2f3": "12",
  "course_458b4824e02af1d5": "20",
  "course_ccd95090a55cd7bb": "4",
  "course_d4e8f54770a9acbb": "16",
  "course_a1ccc1d0fe8557ef": "4",
  "course_6860ffadfcfcfb34": "13",
  "course_acacbdb2e02d20bb": "9",
  "course_c2d33d7c0c1ac8fe": "12",
  "course_79626fe45c1ce0ff": "5",
  "course_102dc4a9fa4f4dcb": "14",
  "course_0906214e1a123183": "16",
  "course_e009ed3609257b28": "11",
  "course_40e481d35807651d": "12",
  "course_9425c9ea49b54611": "4",
  "course_69203f5f8bf2ec7d": "9",
  "course_69ac6b0a6637e9ec": "13",
  "course_658be42d0e0cbcfd": "1",
  "course_ac6db59b8104485a": "12",
  "course_f926a556e04d0be5": "4",
  "course_804d1894142df0b8": "8",
  "course_c18a37b0325bd4c8": "14",
  "course_f602987ee824928a": "14",
  "course_7955649d8fb5ad19": "4",
  "course_0c70d9513dbd5ec8": "5",
  "course_9798a4dbe7075783": "3",
  "course_1b1c88e223bf0c70": "12",
  "course_5e6fd80ae6997a3d": "13",
  "course_d06de16d39267c27": "4",
  "course_6591b22424a44ff8": "8",
  "course_e471038437fe541b": "1",
  "course_3434ec4492341f29": "14",
  "course_28aff9e52f9183b6": "12",
  "course_29ac96abc4c5a03a": "3",
  "course_bf3e9f5661955128": "6",
  "course_f16668b275c0622e": "13",
  "course_ada5cceb3095e45a": "11",
  "course_b114ea7432c4ea85": "13",
  "course_25b77fc6d9afe97b": "19",
  "course_f4b250b83eaf6687": "13",
  "course_529171878d25937c": "9",
  "course_a5003f62111d12e5": "14",
  "course_51f91ecebea65c40": "10",
  "course_46ee33484fa1e1b0": "13",
  "course_b9e0467cbd4e72f8": "20",
  "course_9a16c4d48e0bf797": "12",
  "course_79e5828c67c99b1a": "16",
  "course_0ca392eff7882380": "20",
  "course_f6286820a61e3175": "11",
  "course_943612e34cb57f61": "13",
  "course_c329ecf746f79703": "20",
  "course_669d88d623233694": "10",
  "course_346bebec70c62ebc": "12",
  "course_23fc90cecfafe2e9": "20",
  "course_bcb24180bc51b7ec": "19",
  "course_252b5f76073072a5": "14",
  "course_df341acfb94ce23a": "13",
  "course_9b6e142a2a23b481": "10",
  "course_002fd0961bf8d79c": "9",
  "course_929ff56c49aad769": "3",
  "course_357d8d58ad63021a": "8",
  "course_f5af985f1fef328b": "16",
  "course_aa7c59ef93e206b4": "13",
  "course_c56ef02d50346e15": "19",
  "course_23fc164a43a11c37": "20",
  "course_11006d617f586ccf": "8",
  "course_190e9927b432b980": "13",
  "course_ddef9dcffbb5da7a": "12",
  "course_aabcc699ea252a86": "20",
  "course_be8fbd043c02551e": "16",
  "course_c7407ac5d39c7e8b": "8",
  "course_ef6017b5d501fb3c": "12",
  "course_038dd9d86de8d189": "6",
  "course_fa3028c4279e954f": "20",
  "course_888d0e47bc6ca4ee": "4",
  "course_1c83011bd490b562": "19",
  "course_4fbf257d58f5817d": "6",
  "course_d35e3bbc4020eddd": "10",
  "course_3d869fce598d40aa": "12",
  "course_03d26179b44f2f7d": "16",
  "course_6ee5c66a127742bc": "13",
  "course_ebb4833d0cfaf94c": "6",
  "course_cc25d4feecac5d17": "20",
  "course_0bdfc7d7f4c2f86a": "4",
  "course_0d63294708aba74a": "16",
  "course_0e7d483ddc95cc5d": "19",
  "course_204c64709713cb06": "20",
  "course_f8784b0e51fb6826": "12",
  "course_d9440e0422329adc": "10",
  "course_226c5c7c57c04341": "16",
  "course_2f714579a00e16ed": "13",
  "course_40eac3cf186b7b80": "19",
  "course_76a9cbabefbab837": "13",
  "course_70e6f7bdc737bea7": "16",
  "course_759a4564b306fa9c": "13",
  "course_b4dec54af97e34a0": "10",
  "course_274c0fe2d82b0c74": "10",
  "course_d2e63564e89e3951": "16",
  "course_9c3e5b34383831c3": "13",
  "course_f51b107c77686d7b": "19",
  "course_2f7a5b5e7c77a4f6": "10",
  "course_acab39e075d3f553": "20",
  "course_513a74d7c4eb7c0d": "20",
  "course_d716a553b9d3258a": "16",
  "course_3ddb1f4fdc303538": "11",
  "course_b364ea2223367d89": "19",
  "course_8b200406f65a40d0": "20",
  "course_36962f261a74def9": "13",
  "course_7452d2c3eaa2dc84": "6",
  "course_b969ab8ed5d511fc": "12",
  "course_408a8d4cce650a62": "20",
  "course_08f47740db2a9821": "4",
  "course_1d5705836b7c9831": "12",
  "course_8eeaa5795b14d7ac": "9",
  "course_e6c7fc8a19366330": "8",
  "course_da51089413695ddf": "11",
  "course_b51ec99098ec76fe": "13",
  "course_4ac1cf006989aa11": "8",
  "course_8fe3dcf9a29771f7": "16",
  "course_a939a73207778dfb": "13",
  "course_9d39777f3e1203e0": "19",
  "course_d4f6c02640d7f9f0": "20",
  "course_12c8ad145f8c4f50": "13",
  "course_963fd60d163bd404": "16",
  "course_dc11df17e37bb29a": "12",
  "course_fa3c5cd0599e7d01": "8",
  "course_466cfa4138312f46": "20",
  "course_c0c6c1b056e2e8f1": "4",
  "course_f38a53d09d08ac02": "19",
  "course_a394f333fc6482d9": "8",
  "course_e5fa9c40c605da50": "19",
  "course_994f98e7b400a185": "16",
  "course_efa8be29522d3b8b": "20",
  "course_19356b8688679064": "4",
  "course_82d050b397e47e66": "12",
  "course_eae977b4f0349b57": "20",
  "course_3abaa6d42ebe0b0c": "9",
  "course_9aaa80813c4b8853": "20",
  "course_dfa498eb00809681": "19",
  "course_9f80d2384fd9a70a": "8",
  "course_fa3fb76a8d562e69": "16",
  "course_68abf35c4e1c8d53": "20",
  "course_ca0e63a72dda165d": "20",
  "course_1644f761cfa17dd1": "13",
  "course_03eb33ae28227adc": "16",
  "course_83897a103a4a6309": "11",
  "course_bf306f74766fee2e": "20",
  "course_a86adddfb621fbbe": "4",
  "course_584aaedd59c523ec": "13",
  "course_c0784f9c6cfe947d": "6",
  "course_f9677c8bb3bc66da": "20",
  "course_3c324a0aecff4cf9": "4",
  "course_5c3ab7d368106f9f": "16",
  "course_188435370dbcfcc0": "14",
  "course_dea19c52a48d0333": "3",
  "course_8968c8b8b49bc36c": "13",
  "course_31bda6222bc4ca7e": "20",
  "course_bbaa1b98c20025b1": "19",
  "course_e5eaa056898a7dec": "13",
  "course_ff32663cafb3e16f": "9",
  "course_4a36d04998a72e3b": "16",
  "course_da5ee78c8f0acc67": "13",
  "course_e3f4adeb331864fb": "19",
  "course_c1235d4f1b3ea74e": "20",
  "course_d6f14f27358e2313": "13",
  "course_2ad6d1ab000b8303": "16",
  "course_7642ee724a59ebc4": "13",
  "course_ab7247f79a6aea24": "20",
  "course_c85589cb079e7b3f": "4",
  "course_fd5962f9bf415a43": "20",
  "course_c533dd2f9be64433": "19",
  "course_42c1b72a75e07b58": "8",
  "course_ef6182f139b8f507": "19",
  "course_eea522876a15415c": "19",
  "course_529abff0b0f44c5e": "4",
  "course_013e2fd6b3e4f9fe": "20",
  "course_64dcf21190048a3a": "19",
  "course_dffe8cfe1e8dc9ea": "20",
  "course_abea7409e19218e3": "16",
  "course_aa2e699fdf756a46": "16",
  "course_8267c040e8896704": "11",
  "course_2e9631e2a1cdbb24": "1",
  "course_328dcdbfadb84cf9": "7",
  "course_e827a4f498b896de": "9",
  "course_1be6e09caebca658": "8",
  "course_1ac652c86d99c518": "6",
  "course_18b4e1999b5f5dc1": "6",
  "course_51e54b9ea34de951": "6",
  "course_eee406c0a8b6468d": "6",
  "course_0963bf549090ae4e": "6",
  "course_834c07a9fff57355": "6",
  "course_ed68690b26181531": "8",
  "course_1e5049a4c66e156b": "6",
  "course_bdc2ed7bb523e66c": "12",
  "course_7dcc1ce2236bef03": "6",
  "course_dd4984c5ea2f125d": "10",
  "course_a99c609e70511935": "1",
  "course_1199460350336561": "6",
  "course_9fe28a6da50c2a02": "10",
  "course_389621a7c38eb2f1": "9",
  "course_7fc94843ba442fc4": "10",
  "course_d7ab631facf1e8a2": "11",
  "course_b0d034e2558103a4": "3",
  "course_778ede0ce74ebe05": "7",
  "course_f5bead8156000433": "7",
  "course_5e23617cb4777ef7": "4",
  "course_93c80dac20c2032d": "8",
  "course_a99eba49195a84b3": "5",
  "course_64803af4db421a43": "12",
  "course_59a0edeb8e6aa35b": "6",
  "course_b293e1b4e7d4f53e": "10",
  "course_88ac63cce05696d9": "9",
  "course_ce68326a06790da1": "8",
  "course_15365adae035b7ae": "4",
  "course_57d94ff29f101a8f": "6",
  "course_c0b4e152651ab663": "6",
  "course_25c91186641ac501": "6",
  "course_d75f16749f3f555c": "19",
  "course_549a7503b6ec9b0e": "20",
  "course_b2bca12488f882c5": "6",
  "course_00b1be24105e1038": "3",
  "course_6e6dc7b136aec267": "5",
  "course_1d31a767f88e1d7b": "11",
  "course_a9a65ea01a89e868": "9",
  "course_8ea34198c64d6a78": "8",
  "course_afec302e9b9bcff5": "1",
  "course_b6bb700ae6c6a237": "10",
  "course_f0670b2a490abc06": "8",
  "course_13f617e029e8bd70": "1",
  "course_6c06d9cdc647d1a5": "9",
  "course_492ba4f139ff0b54": "13",
  "course_bafb2f7ae97b07c4": "6",
  "course_46b186eb236608fb": "13",
  "course_6b57fbd9e08b2fe2": "12",
  "course_e0815c9693c6d506": "13",
  "course_78071c03556ea003": "11",
  "course_591ccb279e7f0787": "13",
  "course_2fa72bc36f5843ce": "13",
  "course_8eed6be1d4fd3e15": "13",
  "course_4be2500d6168956a": "11",
  "course_6ab58708e6c54493": "11",
  "course_00f57f6f3be03470": "12",
  "course_0905ac435bae8a51": "13"
}