{
  "course_d35092aa6acf77c1": "cuve reographique",
  "course_612d7dfac2344fda": "celerité",
  "course_fb739efc5103bdd3": "boite de molecule",
  "course_ef116774572db5c1": "lunette",
  "course_050ccdbe0a170ce8": "verrerie",
  "course_c88a63e3a4214919": "tp cathy",
  "course_09c10cc83ab04fdd": "tp cathy",
  "course_66bc1cb93c8be206": "tp cathy",
  "course_c04c6f5283c148c8": "tp cathy",
  "course_50105bb00d865000": "tp marianne",
  "course_d4a1f22ac7ea7da0": "tp cathy",
  "course_d2399e6e2732f421": "tp cathy",
  "course_82c48536378ba4c3": "tp cathy",
  "course_2f8f1dc1c6343fd5": "molecule",
  "course_945a0f29a5d83ef7": "tp marianne",
  "course_e8586a01f3816743": "tp marianne ",
  "course_ae3bb1a0ed8706fa": "tp marianne ",
  "course_c329ecf746f79703": "tp marianne ",
  "course_ba352b9bc0bc070c": "tp marianne ",
  "course_89a7329d97a6826e": "force des acides",
  "course_aabcc699ea252a86": "tp marianne ",
  "course_0d1f0478740582f7": "tp cathy",
  "course_fa3028c4279e954f": "tp cathy ",
  "course_cc25d4feecac5d17": "tp cathy ",
  "course_e1a0e6f399fe830d": "tp marianne",
  "course_249f2b752c90b8e7": "tp marianne",
  "course_4de7d8bc859e0aae": "tp marianne",
  "course_582f57e09f8686a8": "optique manip prof",
  "course_864c4696b6919093": "optique manip prof",
  "course_93e08f257a441853": "optique manip prof",
  "course_b212069cb6a917f9": "204",
  "course_198952c8f2b8e132": "celerité",
  "course_4cdc9afa58152715": "cuve rehographique",
  "course_3254f15dd3d8e580": "granite",
  "course_a87346ea4f79ce19": "rvision prelevement",
  "course_8861327569ff25da": "doppler",
  "course_e8c4ca3f4f7bfd23": "verrerie",
  "course_882d47381426dfa6": "ph metre",
  "course_06201af55621ff92": "cathy",
  "course_841c168beb974d20": "marianne",
  "course_9c902458bd1c68c3": "corp pur",
  "course_5f6f71229384f150": "microscope",
  "course_1c60ce9d0b782344": "eniantiomere",
  "course_25ff8498edbf6df5": "marianne",
  "course_c87aea46c56feafb": "LUNETTE ASTRO",
  "course_9f50b0e8d9196596": "phmetre",
  "course_8a9d707f0ae669cd": "doppler",
  "course_ca03cb7d4786a676": "marianne",
  "course_1e362ea82d308ff5": "revision verrerie",
  "course_77c4fa240a70ebd2": "granit",
  "course_db3a9cbd05a71f7e": "cuve rehographique",
  "course_9bec39a9abf0e0ac": "geol",
  "course_74c01c032dda358b": "spectre",
  "course_c9269e0f59201ce9": "spectre",
  "course_28e25fb9e9139332": "phmetrie",
  "course_cc4f747bb09d4914": "spectre",
  "course_b3648c5fe3f40cd9": "corps pur",
  "course_63612df4f9603eed": "microscope",
  "course_bdb72d7328a0a516": "microscope",
  "course_1262c9f2f84b4ab7": "microscope",
  "course_aa8324f6a6dc037c": "microscope",
  "course_34dea7aa59b50873": "cathy",
  "course_8c71ccadc600a431": "clone sans chariot",
  "course_dba2f69c021a8fc8": "clone sans chariot",
  "course_da4755aea80579d9": "tp organisation du vivant ",
  "course_205f47879385f906": "tp cathy",
  "course_34e70e9c493566f5": "onde + portable",
  "course_94195d770a8eca20": "sismolog",
  "course_8e135e0f22760241": "phmetrie",
  "course_79626fe45c1ce0ff": "microscope",
  "course_00b1be24105e1038": "droso",
  "course_102dc4a9fa4f4dcb": "diffraction",
  "course_d4e8f54770a9acbb": "tp marianne",
  "course_458b4824e02af1d5": "marianne",
  "course_c18a37b0325bd4c8": "spectre",
  "course_f602987ee824928a": "spectre",
  "course_0c70d9513dbd5ec8": "microscope",
  "course_e471038437fe541b": "corps pur et melange",
  "course_3434ec4492341f29": "spectre",
  "course_bf3e9f5661955128": "reconnaissance",
  "course_de1dfe1446a8bae4": "tp",
  "course_25b77fc6d9afe97b": "tp cathy",
  "course_a5003f62111d12e5": "focometrie",
  "course_125e4f7f66101ac4": "test d ion",
  "course_817752e7f31b587a": "corps pur melange",
  "course_0f1c5802b6705032": "force des acides",
  "course_0b7b83bf6760d59e": "sordaria",
  "course_252b5f76073072a5": "interference",
  "course_929ff56c49aad769": "microscope",
  "course_23fc164a43a11c37": "tp marianne",
  "course_b6ee562ee7d3ae4c": "tp sol",
  "course_b8775732bd827be0": "libmol",
  "course_be8fbd043c02551e": "tp cathy",
  "course_5869d70e1f182723": "tp sol",
  "course_a46bfc93e422d1fe": "tp sol",
  "course_226c5c7c57c04341": "biomolecule cathy",
  "course_23e34324337150ff": "enzyme",
  "course_d2e63564e89e3951": "tp cathy",
  "course_408a8d4cce650a62": "tp cathy",
  "course_055a6147ebc98f16": "adn libmmol",
  "course_1e9dd02dd354db2c": "geniengen",
  "course_9d39777f3e1203e0": "tp cathy",
  "course_8fe3dcf9a29771f7": "tp cathy",
  "course_d4f6c02640d7f9f0": "tp marianne",
  "course_963fd60d163bd404": "tp cathy",
  "course_916c94e0de428b3f": "ordi",
  "course_4cbe8e3713aa5ba4": "geniegen",
  "course_e5fa9c40c605da50": "tp cathy",
  "course_efa8be29522d3b8b": "tp cathy",
  "course_eae977b4f0349b57": "tp marianne",
  "course_8d777d40ccf37d2e": "ordi",
  "course_188435370dbcfcc0": "spectre",
  "course_adb938770922f8d0": "enzyme",
  "course_68abf35c4e1c8d53": "tp marianne",
  "course_4640ece9b74237df": "tp marianne",
  "course_5c3ab7d368106f9f": "tp marianne",
  "course_f9677c8bb3bc66da": "tp marianne",
  "course_1f09f9fb3b314de2": "geniegen",
  "course_06c998c041ac290a": "symbioses",
  "course_01df3599c7fa217d": "gaz",
  "course_bdc2ed7bb523e66c": "DS",
  "course_a99c609e70511935": "TEST D ION",
  "course_40e481d35807651d": "ds",
  "course_22985c60a984c79b": "diffraction prof",
  "course_523bc35ba2b271bf": "entrenement dilition",
  "course_a2848e7e7ccdbc74": "conductimetrie",
  "course_b0d034e2558103a4": "ordi"
}